concept	definition	locale	status	slot	approved_form	forbidden_forms
publisher	A person or organization credited with issuing published content, including a bibliographic publication or a platform post.	en	approved	label	Publisher	-
publisher	A person or organization credited with issuing published content, including a bibliographic publication or a platform post.	en	approved	pluralLabel	Publishers	-
publisher	A person or organization credited with issuing published content, including a bibliographic publication or a platform post.	en	approved	inline	publisher	-
publisher	A person or organization credited with issuing published content, including a bibliographic publication or a platform post.	en	approved	plural	publishers	-
publisher	A person or organization credited with issuing published content, including a bibliographic publication or a platform post.	zh-Hant	approved	label	出版者	-
publisher	A person or organization credited with issuing published content, including a bibliographic publication or a platform post.	zh-Hant	approved	pluralLabel	出版者	-
publisher	A person or organization credited with issuing published content, including a bibliographic publication or a platform post.	zh-Hant	approved	inline	出版者	-
publisher	A person or organization credited with issuing published content, including a bibliographic publication or a platform post.	zh-Hant	approved	plural	出版者	-
publisher	A person or organization credited with issuing published content, including a bibliographic publication or a platform post.	zh-Hans	approved	label	出版者	-
publisher	A person or organization credited with issuing published content, including a bibliographic publication or a platform post.	zh-Hans	approved	pluralLabel	出版者	-
publisher	A person or organization credited with issuing published content, including a bibliographic publication or a platform post.	zh-Hans	approved	inline	出版者	-
publisher	A person or organization credited with issuing published content, including a bibliographic publication or a platform post.	zh-Hans	approved	plural	出版者	-
publisher	A person or organization credited with issuing published content, including a bibliographic publication or a platform post.	de	approved	label	Verleger	-
publisher	A person or organization credited with issuing published content, including a bibliographic publication or a platform post.	de	approved	pluralLabel	Verleger	-
publisher	A person or organization credited with issuing published content, including a bibliographic publication or a platform post.	de	approved	inline	Verleger	-
publisher	A person or organization credited with issuing published content, including a bibliographic publication or a platform post.	de	approved	plural	Verleger	-
publisher	A person or organization credited with issuing published content, including a bibliographic publication or a platform post.	ja	approved	label	出版者	-
publisher	A person or organization credited with issuing published content, including a bibliographic publication or a platform post.	ja	approved	pluralLabel	出版者	-
publisher	A person or organization credited with issuing published content, including a bibliographic publication or a platform post.	ja	approved	inline	出版者	-
publisher	A person or organization credited with issuing published content, including a bibliographic publication or a platform post.	ja	approved	plural	出版者	-
publisher	A person or organization credited with issuing published content, including a bibliographic publication or a platform post.	ko	approved	label	발행 주체	-
publisher	A person or organization credited with issuing published content, including a bibliographic publication or a platform post.	ko	approved	pluralLabel	발행 주체	-
publisher	A person or organization credited with issuing published content, including a bibliographic publication or a platform post.	ko	approved	inline	발행 주체	-
publisher	A person or organization credited with issuing published content, including a bibliographic publication or a platform post.	ko	approved	plural	발행 주체	-
publishingWork	A written intellectual work, independent of its text versions and publications.	en	approved	label	Written work	-
publishingWork	A written intellectual work, independent of its text versions and publications.	en	approved	pluralLabel	Written works	-
publishingWork	A written intellectual work, independent of its text versions and publications.	en	approved	inline	written work	-
publishingWork	A written intellectual work, independent of its text versions and publications.	en	approved	plural	written works	-
publishingWork	A written intellectual work, independent of its text versions and publications.	zh-Hant	approved	label	文字作品	-
publishingWork	A written intellectual work, independent of its text versions and publications.	zh-Hant	approved	pluralLabel	文字作品	-
publishingWork	A written intellectual work, independent of its text versions and publications.	zh-Hant	approved	inline	文字作品	-
publishingWork	A written intellectual work, independent of its text versions and publications.	zh-Hant	approved	plural	文字作品	-
publishingWork	A written intellectual work, independent of its text versions and publications.	zh-Hans	approved	label	文字作品	-
publishingWork	A written intellectual work, independent of its text versions and publications.	zh-Hans	approved	pluralLabel	文字作品	-
publishingWork	A written intellectual work, independent of its text versions and publications.	zh-Hans	approved	inline	文字作品	-
publishingWork	A written intellectual work, independent of its text versions and publications.	zh-Hans	approved	plural	文字作品	-
publishingWork	A written intellectual work, independent of its text versions and publications.	de	approved	label	Schriftwerk	-
publishingWork	A written intellectual work, independent of its text versions and publications.	de	approved	pluralLabel	Schriftwerke	-
publishingWork	A written intellectual work, independent of its text versions and publications.	de	approved	inline	Schriftwerk	-
publishingWork	A written intellectual work, independent of its text versions and publications.	de	approved	plural	Schriftwerke	-
publishingWork	A written intellectual work, independent of its text versions and publications.	ja	approved	label	著作	-
publishingWork	A written intellectual work, independent of its text versions and publications.	ja	approved	pluralLabel	著作	-
publishingWork	A written intellectual work, independent of its text versions and publications.	ja	approved	inline	著作	-
publishingWork	A written intellectual work, independent of its text versions and publications.	ja	approved	plural	著作	-
publishingWork	A written intellectual work, independent of its text versions and publications.	ko	approved	label	문자 저작물	-
publishingWork	A written intellectual work, independent of its text versions and publications.	ko	approved	pluralLabel	문자 저작물	-
publishingWork	A written intellectual work, independent of its text versions and publications.	ko	approved	inline	문자 저작물	-
publishingWork	A written intellectual work, independent of its text versions and publications.	ko	approved	plural	문자 저작물	-
textVersion	One identifiable text, translation or revision that can be embodied by publications.	en	approved	label	Text version	-
textVersion	One identifiable text, translation or revision that can be embodied by publications.	en	approved	pluralLabel	Text versions	-
textVersion	One identifiable text, translation or revision that can be embodied by publications.	en	approved	inline	text version	-
textVersion	One identifiable text, translation or revision that can be embodied by publications.	en	approved	plural	text versions	-
textVersion	One identifiable text, translation or revision that can be embodied by publications.	zh-Hant	approved	label	文本版本	-
textVersion	One identifiable text, translation or revision that can be embodied by publications.	zh-Hant	approved	pluralLabel	文本版本	-
textVersion	One identifiable text, translation or revision that can be embodied by publications.	zh-Hant	approved	inline	文本版本	-
textVersion	One identifiable text, translation or revision that can be embodied by publications.	zh-Hant	approved	plural	文本版本	-
textVersion	One identifiable text, translation or revision that can be embodied by publications.	zh-Hans	approved	label	文本版本	-
textVersion	One identifiable text, translation or revision that can be embodied by publications.	zh-Hans	approved	pluralLabel	文本版本	-
textVersion	One identifiable text, translation or revision that can be embodied by publications.	zh-Hans	approved	inline	文本版本	-
textVersion	One identifiable text, translation or revision that can be embodied by publications.	zh-Hans	approved	plural	文本版本	-
textVersion	One identifiable text, translation or revision that can be embodied by publications.	de	approved	label	Textfassung	-
textVersion	One identifiable text, translation or revision that can be embodied by publications.	de	approved	pluralLabel	Textfassungen	-
textVersion	One identifiable text, translation or revision that can be embodied by publications.	de	approved	inline	Textfassung	-
textVersion	One identifiable text, translation or revision that can be embodied by publications.	de	approved	plural	Textfassungen	-
textVersion	One identifiable text, translation or revision that can be embodied by publications.	ja	approved	label	テキスト版	-
textVersion	One identifiable text, translation or revision that can be embodied by publications.	ja	approved	pluralLabel	テキスト版	-
textVersion	One identifiable text, translation or revision that can be embodied by publications.	ja	approved	inline	テキスト版	-
textVersion	One identifiable text, translation or revision that can be embodied by publications.	ja	approved	plural	テキスト版	-
textVersion	One identifiable text, translation or revision that can be embodied by publications.	ko	approved	label	텍스트 판본	-
textVersion	One identifiable text, translation or revision that can be embodied by publications.	ko	approved	pluralLabel	텍스트 판본	-
textVersion	One identifiable text, translation or revision that can be embodied by publications.	ko	approved	inline	텍스트 판본	-
textVersion	One identifiable text, translation or revision that can be embodied by publications.	ko	approved	plural	텍스트 판본	-
publication	One bibliographic publication or edition, independent of its covered texts or works.	en	approved	label	Publication	-
publication	One bibliographic publication or edition, independent of its covered texts or works.	en	approved	pluralLabel	Publications	-
publication	One bibliographic publication or edition, independent of its covered texts or works.	en	approved	inline	publication	-
publication	One bibliographic publication or edition, independent of its covered texts or works.	en	approved	plural	publications	-
publication	One bibliographic publication or edition, independent of its covered texts or works.	zh-Hant	approved	label	出版品	-
publication	One bibliographic publication or edition, independent of its covered texts or works.	zh-Hant	approved	pluralLabel	出版品	-
publication	One bibliographic publication or edition, independent of its covered texts or works.	zh-Hant	approved	inline	出版品	-
publication	One bibliographic publication or edition, independent of its covered texts or works.	zh-Hant	approved	plural	出版品	-
publication	One bibliographic publication or edition, independent of its covered texts or works.	zh-Hans	approved	label	出版物	-
publication	One bibliographic publication or edition, independent of its covered texts or works.	zh-Hans	approved	pluralLabel	出版物	-
publication	One bibliographic publication or edition, independent of its covered texts or works.	zh-Hans	approved	inline	出版物	-
publication	One bibliographic publication or edition, independent of its covered texts or works.	zh-Hans	approved	plural	出版物	-
publication	One bibliographic publication or edition, independent of its covered texts or works.	de	approved	label	Publikation	-
publication	One bibliographic publication or edition, independent of its covered texts or works.	de	approved	pluralLabel	Publikationen	-
publication	One bibliographic publication or edition, independent of its covered texts or works.	de	approved	inline	Publikation	-
publication	One bibliographic publication or edition, independent of its covered texts or works.	de	approved	plural	Publikationen	-
publication	One bibliographic publication or edition, independent of its covered texts or works.	ja	approved	label	出版物	-
publication	One bibliographic publication or edition, independent of its covered texts or works.	ja	approved	pluralLabel	出版物	-
publication	One bibliographic publication or edition, independent of its covered texts or works.	ja	approved	inline	出版物	-
publication	One bibliographic publication or edition, independent of its covered texts or works.	ja	approved	plural	出版物	-
publication	One bibliographic publication or edition, independent of its covered texts or works.	ko	approved	label	출판물	-
publication	One bibliographic publication or edition, independent of its covered texts or works.	ko	approved	pluralLabel	출판물	-
publication	One bibliographic publication or edition, independent of its covered texts or works.	ko	approved	inline	출판물	-
publication	One bibliographic publication or edition, independent of its covered texts or works.	ko	approved	plural	출판물	-
serialization	An identifiable ongoing or completed serialized publication of content.	en	approved	label	Serialization	-
serialization	An identifiable ongoing or completed serialized publication of content.	en	approved	pluralLabel	Serializations	-
serialization	An identifiable ongoing or completed serialized publication of content.	en	approved	inline	serialization	-
serialization	An identifiable ongoing or completed serialized publication of content.	en	approved	plural	serializations	-
serialization	An identifiable ongoing or completed serialized publication of content.	zh-Hant	approved	label	連載	-
serialization	An identifiable ongoing or completed serialized publication of content.	zh-Hant	approved	pluralLabel	連載	-
serialization	An identifiable ongoing or completed serialized publication of content.	zh-Hant	approved	inline	連載	-
serialization	An identifiable ongoing or completed serialized publication of content.	zh-Hant	approved	plural	連載	-
serialization	An identifiable ongoing or completed serialized publication of content.	zh-Hans	approved	label	连载	-
serialization	An identifiable ongoing or completed serialized publication of content.	zh-Hans	approved	pluralLabel	连载	-
serialization	An identifiable ongoing or completed serialized publication of content.	zh-Hans	approved	inline	连载	-
serialization	An identifiable ongoing or completed serialized publication of content.	zh-Hans	approved	plural	连载	-
serialization	An identifiable ongoing or completed serialized publication of content.	de	approved	label	Fortsetzungsveröffentlichung	-
serialization	An identifiable ongoing or completed serialized publication of content.	de	approved	pluralLabel	Fortsetzungsveröffentlichungen	-
serialization	An identifiable ongoing or completed serialized publication of content.	de	approved	inline	Fortsetzungsveröffentlichung	-
serialization	An identifiable ongoing or completed serialized publication of content.	de	approved	plural	Fortsetzungsveröffentlichungen	-
serialization	An identifiable ongoing or completed serialized publication of content.	ja	approved	label	連載	-
serialization	An identifiable ongoing or completed serialized publication of content.	ja	approved	pluralLabel	連載	-
serialization	An identifiable ongoing or completed serialized publication of content.	ja	approved	inline	連載	-
serialization	An identifiable ongoing or completed serialized publication of content.	ja	approved	plural	連載	-
serialization	An identifiable ongoing or completed serialized publication of content.	ko	approved	label	연재물	-
serialization	An identifiable ongoing or completed serialized publication of content.	ko	approved	pluralLabel	연재물	-
serialization	An identifiable ongoing or completed serialized publication of content.	ko	approved	inline	연재물	-
serialization	An identifiable ongoing or completed serialized publication of content.	ko	approved	plural	연재물	-
publishingCoverage	The known extent of a work or text included in another publishing resource.	en	approved	label	Content coverage	-
publishingCoverage	The known extent of a work or text included in another publishing resource.	en	approved	pluralLabel	Content coverage	-
publishingCoverage	The known extent of a work or text included in another publishing resource.	en	approved	inline	content coverage	-
publishingCoverage	The known extent of a work or text included in another publishing resource.	en	approved	plural	content coverage	-
publishingCoverage	The known extent of a work or text included in another publishing resource.	zh-Hant	approved	label	內容涵蓋範圍	-
publishingCoverage	The known extent of a work or text included in another publishing resource.	zh-Hant	approved	pluralLabel	內容涵蓋範圍	-
publishingCoverage	The known extent of a work or text included in another publishing resource.	zh-Hant	approved	inline	內容涵蓋範圍	-
publishingCoverage	The known extent of a work or text included in another publishing resource.	zh-Hant	approved	plural	內容涵蓋範圍	-
publishingCoverage	The known extent of a work or text included in another publishing resource.	zh-Hans	approved	label	内容涵盖范围	-
publishingCoverage	The known extent of a work or text included in another publishing resource.	zh-Hans	approved	pluralLabel	内容涵盖范围	-
publishingCoverage	The known extent of a work or text included in another publishing resource.	zh-Hans	approved	inline	内容涵盖范围	-
publishingCoverage	The known extent of a work or text included in another publishing resource.	zh-Hans	approved	plural	内容涵盖范围	-
publishingCoverage	The known extent of a work or text included in another publishing resource.	de	approved	label	Inhaltlicher Umfang	-
publishingCoverage	The known extent of a work or text included in another publishing resource.	de	approved	pluralLabel	Inhaltlicher Umfang	-
publishingCoverage	The known extent of a work or text included in another publishing resource.	de	approved	inline	inhaltlicher Umfang	-
publishingCoverage	The known extent of a work or text included in another publishing resource.	de	approved	plural	inhaltlicher Umfang	-
publishingCoverage	The known extent of a work or text included in another publishing resource.	ja	approved	label	収録範囲	-
publishingCoverage	The known extent of a work or text included in another publishing resource.	ja	approved	pluralLabel	収録範囲	-
publishingCoverage	The known extent of a work or text included in another publishing resource.	ja	approved	inline	収録範囲	-
publishingCoverage	The known extent of a work or text included in another publishing resource.	ja	approved	plural	収録範囲	-
publishingCoverage	The known extent of a work or text included in another publishing resource.	ko	approved	label	내용 수록 범위	-
publishingCoverage	The known extent of a work or text included in another publishing resource.	ko	approved	pluralLabel	내용 수록 범위	-
publishingCoverage	The known extent of a work or text included in another publishing resource.	ko	approved	inline	내용 수록 범위	-
publishingCoverage	The known extent of a work or text included in another publishing resource.	ko	approved	plural	내용 수록 범위	-
publishingInstallment	One ordered installment of serialized content; not necessarily a chapter.	en	approved	label	Installment	-
publishingInstallment	One ordered installment of serialized content; not necessarily a chapter.	en	approved	pluralLabel	Installments	-
publishingInstallment	One ordered installment of serialized content; not necessarily a chapter.	en	approved	inline	installment	-
publishingInstallment	One ordered installment of serialized content; not necessarily a chapter.	en	approved	plural	installments	-
publishingInstallment	One ordered installment of serialized content; not necessarily a chapter.	zh-Hant	approved	label	連載篇章	-
publishingInstallment	One ordered installment of serialized content; not necessarily a chapter.	zh-Hant	approved	pluralLabel	連載篇章	-
publishingInstallment	One ordered installment of serialized content; not necessarily a chapter.	zh-Hant	approved	inline	連載篇章	-
publishingInstallment	One ordered installment of serialized content; not necessarily a chapter.	zh-Hant	approved	plural	連載篇章	-
publishingInstallment	One ordered installment of serialized content; not necessarily a chapter.	zh-Hans	approved	label	连载篇章	-
publishingInstallment	One ordered installment of serialized content; not necessarily a chapter.	zh-Hans	approved	pluralLabel	连载篇章	-
publishingInstallment	One ordered installment of serialized content; not necessarily a chapter.	zh-Hans	approved	inline	连载篇章	-
publishingInstallment	One ordered installment of serialized content; not necessarily a chapter.	zh-Hans	approved	plural	连载篇章	-
publishingInstallment	One ordered installment of serialized content; not necessarily a chapter.	de	approved	label	Fortsetzungsfolge	-
publishingInstallment	One ordered installment of serialized content; not necessarily a chapter.	de	approved	pluralLabel	Fortsetzungsfolgen	-
publishingInstallment	One ordered installment of serialized content; not necessarily a chapter.	de	approved	inline	Fortsetzungsfolge	-
publishingInstallment	One ordered installment of serialized content; not necessarily a chapter.	de	approved	plural	Fortsetzungsfolgen	-
publishingInstallment	One ordered installment of serialized content; not necessarily a chapter.	ja	approved	label	連載回	-
publishingInstallment	One ordered installment of serialized content; not necessarily a chapter.	ja	approved	pluralLabel	連載回	-
publishingInstallment	One ordered installment of serialized content; not necessarily a chapter.	ja	approved	inline	連載回	-
publishingInstallment	One ordered installment of serialized content; not necessarily a chapter.	ja	approved	plural	連載回	-
publishingInstallment	One ordered installment of serialized content; not necessarily a chapter.	ko	approved	label	연재분	-
publishingInstallment	One ordered installment of serialized content; not necessarily a chapter.	ko	approved	pluralLabel	연재분	-
publishingInstallment	One ordered installment of serialized content; not necessarily a chapter.	ko	approved	inline	연재분	-
publishingInstallment	One ordered installment of serialized content; not necessarily a chapter.	ko	approved	plural	연재분	-
chapter	One authored chapter in a text reading structure.	en	approved	label	Chapter	-
chapter	One authored chapter in a text reading structure.	en	approved	pluralLabel	Chapters	-
chapter	One authored chapter in a text reading structure.	en	approved	inline	chapter	-
chapter	One authored chapter in a text reading structure.	en	approved	plural	chapters	-
chapter	One authored chapter in a text reading structure.	zh-Hant	approved	label	章節	-
chapter	One authored chapter in a text reading structure.	zh-Hant	approved	pluralLabel	章節	-
chapter	One authored chapter in a text reading structure.	zh-Hant	approved	inline	章節	-
chapter	One authored chapter in a text reading structure.	zh-Hant	approved	plural	章節	-
chapter	One authored chapter in a text reading structure.	zh-Hans	approved	label	章节	-
chapter	One authored chapter in a text reading structure.	zh-Hans	approved	pluralLabel	章节	-
chapter	One authored chapter in a text reading structure.	zh-Hans	approved	inline	章节	-
chapter	One authored chapter in a text reading structure.	zh-Hans	approved	plural	章节	-
chapter	One authored chapter in a text reading structure.	de	approved	label	Kapitel	-
chapter	One authored chapter in a text reading structure.	de	approved	pluralLabel	Kapitel	-
chapter	One authored chapter in a text reading structure.	de	approved	inline	Kapitel	-
chapter	One authored chapter in a text reading structure.	de	approved	plural	Kapitel	-
chapter	One authored chapter in a text reading structure.	ja	approved	label	チャプター	-
chapter	One authored chapter in a text reading structure.	ja	approved	pluralLabel	チャプター	-
chapter	One authored chapter in a text reading structure.	ja	approved	inline	チャプター	-
chapter	One authored chapter in a text reading structure.	ja	approved	plural	チャプター	-
chapter	One authored chapter in a text reading structure.	ko	approved	label	챕터	-
chapter	One authored chapter in a text reading structure.	ko	approved	pluralLabel	챕터	-
chapter	One authored chapter in a text reading structure.	ko	approved	inline	챕터	-
chapter	One authored chapter in a text reading structure.	ko	approved	plural	챕터	-
program	An audiovisual screen work, including film, television and animation; separate from its versions and episodes.	en	approved	label	Screen work	-
program	An audiovisual screen work, including film, television and animation; separate from its versions and episodes.	en	approved	pluralLabel	Screen works	-
program	An audiovisual screen work, including film, television and animation; separate from its versions and episodes.	en	approved	inline	screen work	-
program	An audiovisual screen work, including film, television and animation; separate from its versions and episodes.	en	approved	plural	screen works	-
program	An audiovisual screen work, including film, television and animation; separate from its versions and episodes.	zh-Hant	approved	label	影視作品	-
program	An audiovisual screen work, including film, television and animation; separate from its versions and episodes.	zh-Hant	approved	pluralLabel	影視作品	-
program	An audiovisual screen work, including film, television and animation; separate from its versions and episodes.	zh-Hant	approved	inline	影視作品	-
program	An audiovisual screen work, including film, television and animation; separate from its versions and episodes.	zh-Hant	approved	plural	影視作品	-
program	An audiovisual screen work, including film, television and animation; separate from its versions and episodes.	zh-Hans	approved	label	影视作品	-
program	An audiovisual screen work, including film, television and animation; separate from its versions and episodes.	zh-Hans	approved	pluralLabel	影视作品	-
program	An audiovisual screen work, including film, television and animation; separate from its versions and episodes.	zh-Hans	approved	inline	影视作品	-
program	An audiovisual screen work, including film, television and animation; separate from its versions and episodes.	zh-Hans	approved	plural	影视作品	-
program	An audiovisual screen work, including film, television and animation; separate from its versions and episodes.	de	approved	label	Film- und Fernsehwerk	-
program	An audiovisual screen work, including film, television and animation; separate from its versions and episodes.	de	approved	pluralLabel	Film- und Fernsehwerke	-
program	An audiovisual screen work, including film, television and animation; separate from its versions and episodes.	de	approved	inline	Film- und Fernsehwerk	-
program	An audiovisual screen work, including film, television and animation; separate from its versions and episodes.	de	approved	plural	Film- und Fernsehwerke	-
program	An audiovisual screen work, including film, television and animation; separate from its versions and episodes.	ja	approved	label	映像作品	-
program	An audiovisual screen work, including film, television and animation; separate from its versions and episodes.	ja	approved	pluralLabel	映像作品	-
program	An audiovisual screen work, including film, television and animation; separate from its versions and episodes.	ja	approved	inline	映像作品	-
program	An audiovisual screen work, including film, television and animation; separate from its versions and episodes.	ja	approved	plural	映像作品	-
program	An audiovisual screen work, including film, television and animation; separate from its versions and episodes.	ko	approved	label	영상 작품	-
program	An audiovisual screen work, including film, television and animation; separate from its versions and episodes.	ko	approved	pluralLabel	영상 작품	-
program	An audiovisual screen work, including film, television and animation; separate from its versions and episodes.	ko	approved	inline	영상 작품	-
program	An audiovisual screen work, including film, television and animation; separate from its versions and episodes.	ko	approved	plural	영상 작품	-
softwareContent	A software intellectual work or title, independent of versions and releases.	en	approved	label	Software title	-
softwareContent	A software intellectual work or title, independent of versions and releases.	en	approved	pluralLabel	Software titles	-
softwareContent	A software intellectual work or title, independent of versions and releases.	en	approved	inline	software title	-
softwareContent	A software intellectual work or title, independent of versions and releases.	en	approved	plural	software titles	-
softwareContent	A software intellectual work or title, independent of versions and releases.	zh-Hant	approved	label	軟體作品	-
softwareContent	A software intellectual work or title, independent of versions and releases.	zh-Hant	approved	pluralLabel	軟體作品	-
softwareContent	A software intellectual work or title, independent of versions and releases.	zh-Hant	approved	inline	軟體作品	-
softwareContent	A software intellectual work or title, independent of versions and releases.	zh-Hant	approved	plural	軟體作品	-
softwareContent	A software intellectual work or title, independent of versions and releases.	zh-Hans	approved	label	软件作品	-
softwareContent	A software intellectual work or title, independent of versions and releases.	zh-Hans	approved	pluralLabel	软件作品	-
softwareContent	A software intellectual work or title, independent of versions and releases.	zh-Hans	approved	inline	软件作品	-
softwareContent	A software intellectual work or title, independent of versions and releases.	zh-Hans	approved	plural	软件作品	-
softwareContent	A software intellectual work or title, independent of versions and releases.	de	approved	label	Softwaretitel	-
softwareContent	A software intellectual work or title, independent of versions and releases.	de	approved	pluralLabel	Softwaretitel	-
softwareContent	A software intellectual work or title, independent of versions and releases.	de	approved	inline	Softwaretitel	-
softwareContent	A software intellectual work or title, independent of versions and releases.	de	approved	plural	Softwaretitel	-
softwareContent	A software intellectual work or title, independent of versions and releases.	ja	approved	label	ソフトウェア作品	-
softwareContent	A software intellectual work or title, independent of versions and releases.	ja	approved	pluralLabel	ソフトウェア作品	-
softwareContent	A software intellectual work or title, independent of versions and releases.	ja	approved	inline	ソフトウェア作品	-
softwareContent	A software intellectual work or title, independent of versions and releases.	ja	approved	plural	ソフトウェア作品	-
softwareContent	A software intellectual work or title, independent of versions and releases.	ko	approved	label	소프트웨어 작품	-
softwareContent	A software intellectual work or title, independent of versions and releases.	ko	approved	pluralLabel	소프트웨어 작품	-
softwareContent	A software intellectual work or title, independent of versions and releases.	ko	approved	inline	소프트웨어 작품	-
softwareContent	A software intellectual work or title, independent of versions and releases.	ko	approved	plural	소프트웨어 작품	-
softwareVersion	An evidenced version of a software title with a declared distinction.	en	approved	label	Software version	-
softwareVersion	An evidenced version of a software title with a declared distinction.	en	approved	pluralLabel	Software versions	-
softwareVersion	An evidenced version of a software title with a declared distinction.	en	approved	inline	software version	-
softwareVersion	An evidenced version of a software title with a declared distinction.	en	approved	plural	software versions	-
softwareVersion	An evidenced version of a software title with a declared distinction.	zh-Hant	approved	label	軟體版本	-
softwareVersion	An evidenced version of a software title with a declared distinction.	zh-Hant	approved	pluralLabel	軟體版本	-
softwareVersion	An evidenced version of a software title with a declared distinction.	zh-Hant	approved	inline	軟體版本	-
softwareVersion	An evidenced version of a software title with a declared distinction.	zh-Hant	approved	plural	軟體版本	-
softwareVersion	An evidenced version of a software title with a declared distinction.	zh-Hans	approved	label	软件版本	-
softwareVersion	An evidenced version of a software title with a declared distinction.	zh-Hans	approved	pluralLabel	软件版本	-
softwareVersion	An evidenced version of a software title with a declared distinction.	zh-Hans	approved	inline	软件版本	-
softwareVersion	An evidenced version of a software title with a declared distinction.	zh-Hans	approved	plural	软件版本	-
softwareVersion	An evidenced version of a software title with a declared distinction.	de	approved	label	Softwareversion	-
softwareVersion	An evidenced version of a software title with a declared distinction.	de	approved	pluralLabel	Softwareversionen	-
softwareVersion	An evidenced version of a software title with a declared distinction.	de	approved	inline	Softwareversion	-
softwareVersion	An evidenced version of a software title with a declared distinction.	de	approved	plural	Softwareversionen	-
softwareVersion	An evidenced version of a software title with a declared distinction.	ja	approved	label	ソフトウェア版	-
softwareVersion	An evidenced version of a software title with a declared distinction.	ja	approved	pluralLabel	ソフトウェア版	-
softwareVersion	An evidenced version of a software title with a declared distinction.	ja	approved	inline	ソフトウェア版	-
softwareVersion	An evidenced version of a software title with a declared distinction.	ja	approved	plural	ソフトウェア版	-
softwareVersion	An evidenced version of a software title with a declared distinction.	ko	approved	label	소프트웨어 버전	-
softwareVersion	An evidenced version of a software title with a declared distinction.	ko	approved	pluralLabel	소프트웨어 버전	-
softwareVersion	An evidenced version of a software title with a declared distinction.	ko	approved	inline	소프트웨어 버전	-
softwareVersion	An evidenced version of a software title with a declared distinction.	ko	approved	plural	소프트웨어 버전	-
softwareRelease	One concrete software release, separate from its included contents and versions.	en	approved	label	Software release	-
softwareRelease	One concrete software release, separate from its included contents and versions.	en	approved	pluralLabel	Software releases	-
softwareRelease	One concrete software release, separate from its included contents and versions.	en	approved	inline	software release	-
softwareRelease	One concrete software release, separate from its included contents and versions.	en	approved	plural	software releases	-
softwareRelease	One concrete software release, separate from its included contents and versions.	zh-Hant	approved	label	軟體發行版本	-
softwareRelease	One concrete software release, separate from its included contents and versions.	zh-Hant	approved	pluralLabel	軟體發行版本	-
softwareRelease	One concrete software release, separate from its included contents and versions.	zh-Hant	approved	inline	軟體發行版本	-
softwareRelease	One concrete software release, separate from its included contents and versions.	zh-Hant	approved	plural	軟體發行版本	-
softwareRelease	One concrete software release, separate from its included contents and versions.	zh-Hans	approved	label	软件发行版本	-
softwareRelease	One concrete software release, separate from its included contents and versions.	zh-Hans	approved	pluralLabel	软件发行版本	-
softwareRelease	One concrete software release, separate from its included contents and versions.	zh-Hans	approved	inline	软件发行版本	-
softwareRelease	One concrete software release, separate from its included contents and versions.	zh-Hans	approved	plural	软件发行版本	-
softwareRelease	One concrete software release, separate from its included contents and versions.	de	approved	label	Softwareveröffentlichung	-
softwareRelease	One concrete software release, separate from its included contents and versions.	de	approved	pluralLabel	Softwareveröffentlichungen	-
softwareRelease	One concrete software release, separate from its included contents and versions.	de	approved	inline	Softwareveröffentlichung	-
softwareRelease	One concrete software release, separate from its included contents and versions.	de	approved	plural	Softwareveröffentlichungen	-
softwareRelease	One concrete software release, separate from its included contents and versions.	ja	approved	label	ソフトウェアリリース	-
softwareRelease	One concrete software release, separate from its included contents and versions.	ja	approved	pluralLabel	ソフトウェアリリース	-
softwareRelease	One concrete software release, separate from its included contents and versions.	ja	approved	inline	ソフトウェアリリース	-
softwareRelease	One concrete software release, separate from its included contents and versions.	ja	approved	plural	ソフトウェアリリース	-
softwareRelease	One concrete software release, separate from its included contents and versions.	ko	approved	label	소프트웨어 출시본	-
softwareRelease	One concrete software release, separate from its included contents and versions.	ko	approved	pluralLabel	소프트웨어 출시본	-
softwareRelease	One concrete software release, separate from its included contents and versions.	ko	approved	inline	소프트웨어 출시본	-
softwareRelease	One concrete software release, separate from its included contents and versions.	ko	approved	plural	소프트웨어 출시본	-
grouping	A catalog grouping such as a series, franchise or continuity; not a user Collection or membership organization.	en	approved	label	Catalog group	-
grouping	A catalog grouping such as a series, franchise or continuity; not a user Collection or membership organization.	en	approved	pluralLabel	Catalog groups	-
grouping	A catalog grouping such as a series, franchise or continuity; not a user Collection or membership organization.	en	approved	inline	catalog group	-
grouping	A catalog grouping such as a series, franchise or continuity; not a user Collection or membership organization.	en	approved	plural	catalog groups	-
grouping	A catalog grouping such as a series, franchise or continuity; not a user Collection or membership organization.	zh-Hant	approved	label	目錄分組	-
grouping	A catalog grouping such as a series, franchise or continuity; not a user Collection or membership organization.	zh-Hant	approved	pluralLabel	目錄分組	-
grouping	A catalog grouping such as a series, franchise or continuity; not a user Collection or membership organization.	zh-Hant	approved	inline	目錄分組	-
grouping	A catalog grouping such as a series, franchise or continuity; not a user Collection or membership organization.	zh-Hant	approved	plural	目錄分組	-
grouping	A catalog grouping such as a series, franchise or continuity; not a user Collection or membership organization.	zh-Hans	approved	label	目录分组	-
grouping	A catalog grouping such as a series, franchise or continuity; not a user Collection or membership organization.	zh-Hans	approved	pluralLabel	目录分组	-
grouping	A catalog grouping such as a series, franchise or continuity; not a user Collection or membership organization.	zh-Hans	approved	inline	目录分组	-
grouping	A catalog grouping such as a series, franchise or continuity; not a user Collection or membership organization.	zh-Hans	approved	plural	目录分组	-
grouping	A catalog grouping such as a series, franchise or continuity; not a user Collection or membership organization.	de	approved	label	Kataloggruppe	-
grouping	A catalog grouping such as a series, franchise or continuity; not a user Collection or membership organization.	de	approved	pluralLabel	Kataloggruppen	-
grouping	A catalog grouping such as a series, franchise or continuity; not a user Collection or membership organization.	de	approved	inline	Kataloggruppe	-
grouping	A catalog grouping such as a series, franchise or continuity; not a user Collection or membership organization.	de	approved	plural	Kataloggruppen	-
grouping	A catalog grouping such as a series, franchise or continuity; not a user Collection or membership organization.	ja	approved	label	カタロググループ	-
grouping	A catalog grouping such as a series, franchise or continuity; not a user Collection or membership organization.	ja	approved	pluralLabel	カタロググループ	-
grouping	A catalog grouping such as a series, franchise or continuity; not a user Collection or membership organization.	ja	approved	inline	カタロググループ	-
grouping	A catalog grouping such as a series, franchise or continuity; not a user Collection or membership organization.	ja	approved	plural	カタロググループ	-
grouping	A catalog grouping such as a series, franchise or continuity; not a user Collection or membership organization.	ko	approved	label	카탈로그 그룹	-
grouping	A catalog grouping such as a series, franchise or continuity; not a user Collection or membership organization.	ko	approved	pluralLabel	카탈로그 그룹	-
grouping	A catalog grouping such as a series, franchise or continuity; not a user Collection or membership organization.	ko	approved	inline	카탈로그 그룹	-
grouping	A catalog grouping such as a series, franchise or continuity; not a user Collection or membership organization.	ko	approved	plural	카탈로그 그룹	-
referenceConcept	A catalog reference concept; distinct from an indexable Tag.	en	approved	label	Reference concept	-
referenceConcept	A catalog reference concept; distinct from an indexable Tag.	en	approved	pluralLabel	Reference concepts	-
referenceConcept	A catalog reference concept; distinct from an indexable Tag.	en	approved	inline	reference concept	-
referenceConcept	A catalog reference concept; distinct from an indexable Tag.	en	approved	plural	reference concepts	-
referenceConcept	A catalog reference concept; distinct from an indexable Tag.	zh-Hant	approved	label	參照概念	-
referenceConcept	A catalog reference concept; distinct from an indexable Tag.	zh-Hant	approved	pluralLabel	參照概念	-
referenceConcept	A catalog reference concept; distinct from an indexable Tag.	zh-Hant	approved	inline	參照概念	-
referenceConcept	A catalog reference concept; distinct from an indexable Tag.	zh-Hant	approved	plural	參照概念	-
referenceConcept	A catalog reference concept; distinct from an indexable Tag.	zh-Hans	approved	label	参照概念	-
referenceConcept	A catalog reference concept; distinct from an indexable Tag.	zh-Hans	approved	pluralLabel	参照概念	-
referenceConcept	A catalog reference concept; distinct from an indexable Tag.	zh-Hans	approved	inline	参照概念	-
referenceConcept	A catalog reference concept; distinct from an indexable Tag.	zh-Hans	approved	plural	参照概念	-
referenceConcept	A catalog reference concept; distinct from an indexable Tag.	de	approved	label	Referenzbegriff	-
referenceConcept	A catalog reference concept; distinct from an indexable Tag.	de	approved	pluralLabel	Referenzbegriffe	-
referenceConcept	A catalog reference concept; distinct from an indexable Tag.	de	approved	inline	Referenzbegriff	-
referenceConcept	A catalog reference concept; distinct from an indexable Tag.	de	approved	plural	Referenzbegriffe	-
referenceConcept	A catalog reference concept; distinct from an indexable Tag.	ja	approved	label	参照概念	-
referenceConcept	A catalog reference concept; distinct from an indexable Tag.	ja	approved	pluralLabel	参照概念	-
referenceConcept	A catalog reference concept; distinct from an indexable Tag.	ja	approved	inline	参照概念	-
referenceConcept	A catalog reference concept; distinct from an indexable Tag.	ja	approved	plural	参照概念	-
referenceConcept	A catalog reference concept; distinct from an indexable Tag.	ko	approved	label	참조 개념	-
referenceConcept	A catalog reference concept; distinct from an indexable Tag.	ko	approved	pluralLabel	참조 개념	-
referenceConcept	A catalog reference concept; distinct from an indexable Tag.	ko	approved	inline	참조 개념	-
referenceConcept	A catalog reference concept; distinct from an indexable Tag.	ko	approved	plural	참조 개념	-
distributionPackage	One distributed package or manifest that can include independently identified resources.	en	approved	label	Distribution package	-
distributionPackage	One distributed package or manifest that can include independently identified resources.	en	approved	pluralLabel	Distribution packages	-
distributionPackage	One distributed package or manifest that can include independently identified resources.	en	approved	inline	distribution package	-
distributionPackage	One distributed package or manifest that can include independently identified resources.	en	approved	plural	distribution packages	-
distributionPackage	One distributed package or manifest that can include independently identified resources.	zh-Hant	approved	label	散布套件	-
distributionPackage	One distributed package or manifest that can include independently identified resources.	zh-Hant	approved	pluralLabel	散布套件	-
distributionPackage	One distributed package or manifest that can include independently identified resources.	zh-Hant	approved	inline	散布套件	-
distributionPackage	One distributed package or manifest that can include independently identified resources.	zh-Hant	approved	plural	散布套件	-
distributionPackage	One distributed package or manifest that can include independently identified resources.	zh-Hans	approved	label	分发包	-
distributionPackage	One distributed package or manifest that can include independently identified resources.	zh-Hans	approved	pluralLabel	分发包	-
distributionPackage	One distributed package or manifest that can include independently identified resources.	zh-Hans	approved	inline	分发包	-
distributionPackage	One distributed package or manifest that can include independently identified resources.	zh-Hans	approved	plural	分发包	-
distributionPackage	One distributed package or manifest that can include independently identified resources.	de	approved	label	Distributionspaket	-
distributionPackage	One distributed package or manifest that can include independently identified resources.	de	approved	pluralLabel	Distributionspakete	-
distributionPackage	One distributed package or manifest that can include independently identified resources.	de	approved	inline	Distributionspaket	-
distributionPackage	One distributed package or manifest that can include independently identified resources.	de	approved	plural	Distributionspakete	-
distributionPackage	One distributed package or manifest that can include independently identified resources.	ja	approved	label	配布パッケージ	-
distributionPackage	One distributed package or manifest that can include independently identified resources.	ja	approved	pluralLabel	配布パッケージ	-
distributionPackage	One distributed package or manifest that can include independently identified resources.	ja	approved	inline	配布パッケージ	-
distributionPackage	One distributed package or manifest that can include independently identified resources.	ja	approved	plural	配布パッケージ	-
distributionPackage	One distributed package or manifest that can include independently identified resources.	ko	approved	label	배포 패키지	-
distributionPackage	One distributed package or manifest that can include independently identified resources.	ko	approved	pluralLabel	배포 패키지	-
distributionPackage	One distributed package or manifest that can include independently identified resources.	ko	approved	inline	배포 패키지	-
distributionPackage	One distributed package or manifest that can include independently identified resources.	ko	approved	plural	배포 패키지	-
publishingCatalog	The catalog family containing written works, text versions and publications.	en	approved	entryLabel	Publishing entry	-
publishingCatalog	The catalog family containing written works, text versions and publications.	en	approved	label	Publishing catalog	-
publishingCatalog	The catalog family containing written works, text versions and publications.	en	approved	pluralLabel	Publishing catalog	-
publishingCatalog	The catalog family containing written works, text versions and publications.	en	approved	inline	publishing catalog	-
publishingCatalog	The catalog family containing written works, text versions and publications.	en	approved	plural	publishing catalog	-
publishingCatalog	The catalog family containing written works, text versions and publications.	zh-Hant	approved	entryLabel	出版條目	-
publishingCatalog	The catalog family containing written works, text versions and publications.	zh-Hant	approved	label	出版目錄	-
publishingCatalog	The catalog family containing written works, text versions and publications.	zh-Hant	approved	pluralLabel	出版目錄	-
publishingCatalog	The catalog family containing written works, text versions and publications.	zh-Hant	approved	inline	出版目錄	-
publishingCatalog	The catalog family containing written works, text versions and publications.	zh-Hant	approved	plural	出版目錄	-
publishingCatalog	The catalog family containing written works, text versions and publications.	zh-Hans	approved	entryLabel	出版条目	-
publishingCatalog	The catalog family containing written works, text versions and publications.	zh-Hans	approved	label	出版目录	-
publishingCatalog	The catalog family containing written works, text versions and publications.	zh-Hans	approved	pluralLabel	出版目录	-
publishingCatalog	The catalog family containing written works, text versions and publications.	zh-Hans	approved	inline	出版目录	-
publishingCatalog	The catalog family containing written works, text versions and publications.	zh-Hans	approved	plural	出版目录	-
publishingCatalog	The catalog family containing written works, text versions and publications.	de	approved	entryLabel	Publikationseintrag	-
publishingCatalog	The catalog family containing written works, text versions and publications.	de	approved	label	Publikationskatalog	-
publishingCatalog	The catalog family containing written works, text versions and publications.	de	approved	pluralLabel	Publikationskatalog	-
publishingCatalog	The catalog family containing written works, text versions and publications.	de	approved	inline	Publikationskatalog	-
publishingCatalog	The catalog family containing written works, text versions and publications.	de	approved	plural	Publikationskatalog	-
publishingCatalog	The catalog family containing written works, text versions and publications.	ja	approved	entryLabel	出版項目	-
publishingCatalog	The catalog family containing written works, text versions and publications.	ja	approved	label	出版カタログ	-
publishingCatalog	The catalog family containing written works, text versions and publications.	ja	approved	pluralLabel	出版カタログ	-
publishingCatalog	The catalog family containing written works, text versions and publications.	ja	approved	inline	出版カタログ	-
publishingCatalog	The catalog family containing written works, text versions and publications.	ja	approved	plural	出版カタログ	-
publishingCatalog	The catalog family containing written works, text versions and publications.	ko	approved	entryLabel	출판 항목	-
publishingCatalog	The catalog family containing written works, text versions and publications.	ko	approved	label	출판 카탈로그	-
publishingCatalog	The catalog family containing written works, text versions and publications.	ko	approved	pluralLabel	출판 카탈로그	-
publishingCatalog	The catalog family containing written works, text versions and publications.	ko	approved	inline	출판 카탈로그	-
publishingCatalog	The catalog family containing written works, text versions and publications.	ko	approved	plural	출판 카탈로그	-
software	The catalog family of software titles, versions and releases.	en	approved	label	Software	-
software	The catalog family of software titles, versions and releases.	en	approved	pluralLabel	Software	-
software	The catalog family of software titles, versions and releases.	en	approved	inline	software	-
software	The catalog family of software titles, versions and releases.	en	approved	plural	software	-
software	The catalog family of software titles, versions and releases.	zh-Hant	approved	label	軟體	-
software	The catalog family of software titles, versions and releases.	zh-Hant	approved	pluralLabel	軟體	-
software	The catalog family of software titles, versions and releases.	zh-Hant	approved	inline	軟體	-
software	The catalog family of software titles, versions and releases.	zh-Hant	approved	plural	軟體	-
software	The catalog family of software titles, versions and releases.	zh-Hans	approved	label	软件	-
software	The catalog family of software titles, versions and releases.	zh-Hans	approved	pluralLabel	软件	-
software	The catalog family of software titles, versions and releases.	zh-Hans	approved	inline	软件	-
software	The catalog family of software titles, versions and releases.	zh-Hans	approved	plural	软件	-
software	The catalog family of software titles, versions and releases.	de	approved	label	Software	-
software	The catalog family of software titles, versions and releases.	de	approved	pluralLabel	Software	-
software	The catalog family of software titles, versions and releases.	de	approved	inline	Software	-
software	The catalog family of software titles, versions and releases.	de	approved	plural	Software	-
software	The catalog family of software titles, versions and releases.	ja	approved	label	ソフトウェア	-
software	The catalog family of software titles, versions and releases.	ja	approved	pluralLabel	ソフトウェア	-
software	The catalog family of software titles, versions and releases.	ja	approved	inline	ソフトウェア	-
software	The catalog family of software titles, versions and releases.	ja	approved	plural	ソフトウェア	-
software	The catalog family of software titles, versions and releases.	ko	approved	label	소프트웨어	-
software	The catalog family of software titles, versions and releases.	ko	approved	pluralLabel	소프트웨어	-
software	The catalog family of software titles, versions and releases.	ko	approved	inline	소프트웨어	-
software	The catalog family of software titles, versions and releases.	ko	approved	plural	소프트웨어	-
referenceCatalog	The catalog family of reference concepts, places, instruments and events.	en	approved	entryLabel	Reference entry	-
referenceCatalog	The catalog family of reference concepts, places, instruments and events.	en	approved	label	Reference entries	-
referenceCatalog	The catalog family of reference concepts, places, instruments and events.	en	approved	pluralLabel	Reference entries	-
referenceCatalog	The catalog family of reference concepts, places, instruments and events.	en	approved	inline	reference entries	-
referenceCatalog	The catalog family of reference concepts, places, instruments and events.	en	approved	plural	reference entries	-
referenceCatalog	The catalog family of reference concepts, places, instruments and events.	zh-Hant	approved	entryLabel	參照條目	-
referenceCatalog	The catalog family of reference concepts, places, instruments and events.	zh-Hant	approved	label	參照條目	-
referenceCatalog	The catalog family of reference concepts, places, instruments and events.	zh-Hant	approved	pluralLabel	參照條目	-
referenceCatalog	The catalog family of reference concepts, places, instruments and events.	zh-Hant	approved	inline	參照條目	-
referenceCatalog	The catalog family of reference concepts, places, instruments and events.	zh-Hant	approved	plural	參照條目	-
referenceCatalog	The catalog family of reference concepts, places, instruments and events.	zh-Hans	approved	entryLabel	参照条目	-
referenceCatalog	The catalog family of reference concepts, places, instruments and events.	zh-Hans	approved	label	参照条目	-
referenceCatalog	The catalog family of reference concepts, places, instruments and events.	zh-Hans	approved	pluralLabel	参照条目	-
referenceCatalog	The catalog family of reference concepts, places, instruments and events.	zh-Hans	approved	inline	参照条目	-
referenceCatalog	The catalog family of reference concepts, places, instruments and events.	zh-Hans	approved	plural	参照条目	-
referenceCatalog	The catalog family of reference concepts, places, instruments and events.	de	approved	entryLabel	Referenzeintrag	-
referenceCatalog	The catalog family of reference concepts, places, instruments and events.	de	approved	label	Referenzeinträge	-
referenceCatalog	The catalog family of reference concepts, places, instruments and events.	de	approved	pluralLabel	Referenzeinträge	-
referenceCatalog	The catalog family of reference concepts, places, instruments and events.	de	approved	inline	Referenzeinträge	-
referenceCatalog	The catalog family of reference concepts, places, instruments and events.	de	approved	plural	Referenzeinträge	-
referenceCatalog	The catalog family of reference concepts, places, instruments and events.	ja	approved	entryLabel	参照項目	-
referenceCatalog	The catalog family of reference concepts, places, instruments and events.	ja	approved	label	参照項目	-
referenceCatalog	The catalog family of reference concepts, places, instruments and events.	ja	approved	pluralLabel	参照項目	-
referenceCatalog	The catalog family of reference concepts, places, instruments and events.	ja	approved	inline	参照項目	-
referenceCatalog	The catalog family of reference concepts, places, instruments and events.	ja	approved	plural	参照項目	-
referenceCatalog	The catalog family of reference concepts, places, instruments and events.	ko	approved	entryLabel	참조 항목	-
referenceCatalog	The catalog family of reference concepts, places, instruments and events.	ko	approved	label	참조 항목	-
referenceCatalog	The catalog family of reference concepts, places, instruments and events.	ko	approved	pluralLabel	참조 항목	-
referenceCatalog	The catalog family of reference concepts, places, instruments and events.	ko	approved	inline	참조 항목	-
referenceCatalog	The catalog family of reference concepts, places, instruments and events.	ko	approved	plural	참조 항목	-
music	The native music domain.	en	approved	label	Music	-
music	The native music domain.	en	approved	inline	music	-
music	The native music domain.	en	approved	plural	music	-
music	The native music domain.	zh-Hant	approved	label	音樂	-
music	The native music domain.	zh-Hant	approved	inline	音樂	-
music	The native music domain.	zh-Hant	approved	plural	音樂	-
music	The native music domain.	zh-Hans	approved	label	音乐	-
music	The native music domain.	zh-Hans	approved	inline	音乐	-
music	The native music domain.	zh-Hans	approved	plural	音乐	-
music	The native music domain.	de	approved	label	Musik	-
music	The native music domain.	de	approved	inline	Musik	-
music	The native music domain.	de	approved	plural	Musik	-
music	The native music domain.	ja	approved	label	音楽	-
music	The native music domain.	ja	approved	inline	音楽	-
music	The native music domain.	ja	approved	plural	音楽	-
music	The native music domain.	ko	approved	label	음악	-
music	The native music domain.	ko	approved	inline	음악	-
music	The native music domain.	ko	approved	plural	음악	-
musicRecording	One recorded performance, distinct from a printed track occurrence.	en	approved	label	Music recording	-
musicRecording	One recorded performance, distinct from a printed track occurrence.	en	approved	inline	music recording	-
musicRecording	One recorded performance, distinct from a printed track occurrence.	en	approved	plural	music recording	-
musicRecording	One recorded performance, distinct from a printed track occurrence.	zh-Hant	approved	label	錄音	-
musicRecording	One recorded performance, distinct from a printed track occurrence.	zh-Hant	approved	inline	錄音	-
musicRecording	One recorded performance, distinct from a printed track occurrence.	zh-Hant	approved	plural	錄音	-
musicRecording	One recorded performance, distinct from a printed track occurrence.	zh-Hans	approved	label	录音	-
musicRecording	One recorded performance, distinct from a printed track occurrence.	zh-Hans	approved	inline	录音	-
musicRecording	One recorded performance, distinct from a printed track occurrence.	zh-Hans	approved	plural	录音	-
musicRecording	One recorded performance, distinct from a printed track occurrence.	de	approved	label	Musikaufnahme	-
musicRecording	One recorded performance, distinct from a printed track occurrence.	de	approved	inline	Musikaufnahme	-
musicRecording	One recorded performance, distinct from a printed track occurrence.	de	approved	plural	Musikaufnahme	-
musicRecording	One recorded performance, distinct from a printed track occurrence.	ja	approved	label	音楽録音	-
musicRecording	One recorded performance, distinct from a printed track occurrence.	ja	approved	inline	音楽録音	-
musicRecording	One recorded performance, distinct from a printed track occurrence.	ja	approved	plural	音楽録音	-
musicRecording	One recorded performance, distinct from a printed track occurrence.	ko	approved	label	음악 녹음	-
musicRecording	One recorded performance, distinct from a printed track occurrence.	ko	approved	inline	음악 녹음	-
musicRecording	One recorded performance, distinct from a printed track occurrence.	ko	approved	plural	음악 녹음	-
musicTrack	One printed track occurrence on one release medium.	en	approved	label	Music track	-
musicTrack	One printed track occurrence on one release medium.	en	approved	inline	music track	-
musicTrack	One printed track occurrence on one release medium.	en	approved	plural	music tracks	-
musicTrack	One printed track occurrence on one release medium.	zh-Hant	approved	label	曲目	-
musicTrack	One printed track occurrence on one release medium.	zh-Hant	approved	inline	曲目	-
musicTrack	One printed track occurrence on one release medium.	zh-Hant	approved	plural	曲目	-
musicTrack	One printed track occurrence on one release medium.	zh-Hans	approved	label	曲目	-
musicTrack	One printed track occurrence on one release medium.	zh-Hans	approved	inline	曲目	-
musicTrack	One printed track occurrence on one release medium.	zh-Hans	approved	plural	曲目	-
musicTrack	One printed track occurrence on one release medium.	de	approved	label	Musiktitel	-
musicTrack	One printed track occurrence on one release medium.	de	approved	inline	Musiktitel	-
musicTrack	One printed track occurrence on one release medium.	de	approved	plural	Musiktitel	-
musicTrack	One printed track occurrence on one release medium.	ja	approved	label	音楽トラック	-
musicTrack	One printed track occurrence on one release medium.	ja	approved	inline	音楽トラック	-
musicTrack	One printed track occurrence on one release medium.	ja	approved	plural	音楽トラック	-
musicTrack	One printed track occurrence on one release medium.	ko	approved	label	음악 트랙	-
musicTrack	One printed track occurrence on one release medium.	ko	approved	inline	음악 트랙	-
musicTrack	One printed track occurrence on one release medium.	ko	approved	plural	음악 트랙	-
musicMedium	One ordered physical or digital carrier in a music release.	en	approved	label	Release medium	-
musicMedium	One ordered physical or digital carrier in a music release.	en	approved	inline	release medium	-
musicMedium	One ordered physical or digital carrier in a music release.	en	approved	plural	release media	-
musicMedium	One ordered physical or digital carrier in a music release.	zh-Hant	approved	label	載體	-
musicMedium	One ordered physical or digital carrier in a music release.	zh-Hant	approved	inline	載體	-
musicMedium	One ordered physical or digital carrier in a music release.	zh-Hant	approved	plural	載體	-
musicMedium	One ordered physical or digital carrier in a music release.	zh-Hans	approved	label	载体	-
musicMedium	One ordered physical or digital carrier in a music release.	zh-Hans	approved	inline	载体	-
musicMedium	One ordered physical or digital carrier in a music release.	zh-Hans	approved	plural	载体	-
musicMedium	One ordered physical or digital carrier in a music release.	de	approved	label	Tonträger	-
musicMedium	One ordered physical or digital carrier in a music release.	de	approved	inline	Tonträger	-
musicMedium	One ordered physical or digital carrier in a music release.	de	approved	plural	Tonträger	-
musicMedium	One ordered physical or digital carrier in a music release.	ja	approved	label	音楽メディア	-
musicMedium	One ordered physical or digital carrier in a music release.	ja	approved	inline	音楽メディア	-
musicMedium	One ordered physical or digital carrier in a music release.	ja	approved	plural	音楽メディア	-
musicMedium	One ordered physical or digital carrier in a music release.	ko	approved	label	음반 매체	-
musicMedium	One ordered physical or digital carrier in a music release.	ko	approved	inline	음반 매체	-
musicMedium	One ordered physical or digital carrier in a music release.	ko	approved	plural	음반 매체	-
musicRelease	One concrete music release with its own carrier and track structure.	en	approved	label	Music release	-
musicRelease	One concrete music release with its own carrier and track structure.	en	approved	inline	music release	-
musicRelease	One concrete music release with its own carrier and track structure.	en	approved	plural	music release	-
musicRelease	One concrete music release with its own carrier and track structure.	zh-Hant	approved	label	發行版本	-
musicRelease	One concrete music release with its own carrier and track structure.	zh-Hant	approved	inline	發行版本	-
musicRelease	One concrete music release with its own carrier and track structure.	zh-Hant	approved	plural	發行版本	-
musicRelease	One concrete music release with its own carrier and track structure.	zh-Hans	approved	label	发行版本	-
musicRelease	One concrete music release with its own carrier and track structure.	zh-Hans	approved	inline	发行版本	-
musicRelease	One concrete music release with its own carrier and track structure.	zh-Hans	approved	plural	发行版本	-
musicRelease	One concrete music release with its own carrier and track structure.	de	approved	label	Musikveröffentlichung	-
musicRelease	One concrete music release with its own carrier and track structure.	de	approved	inline	Musikveröffentlichung	-
musicRelease	One concrete music release with its own carrier and track structure.	de	approved	plural	Musikveröffentlichung	-
musicRelease	One concrete music release with its own carrier and track structure.	ja	approved	label	音楽リリース	-
musicRelease	One concrete music release with its own carrier and track structure.	ja	approved	inline	音楽リリース	-
musicRelease	One concrete music release with its own carrier and track structure.	ja	approved	plural	音楽リリース	-
musicRelease	One concrete music release with its own carrier and track structure.	ko	approved	label	음악 발매본	-
musicRelease	One concrete music release with its own carrier and track structure.	ko	approved	inline	음악 발매본	-
musicRelease	One concrete music release with its own carrier and track structure.	ko	approved	plural	음악 발매본	-
musicReleaseGroup	A family of related music releases.	en	approved	label	Release group	-
musicReleaseGroup	A family of related music releases.	en	approved	inline	release group	-
musicReleaseGroup	A family of related music releases.	en	approved	plural	release group	-
musicReleaseGroup	A family of related music releases.	zh-Hant	approved	label	發行組	-
musicReleaseGroup	A family of related music releases.	zh-Hant	approved	inline	發行組	-
musicReleaseGroup	A family of related music releases.	zh-Hant	approved	plural	發行組	-
musicReleaseGroup	A family of related music releases.	zh-Hans	approved	label	发行组	-
musicReleaseGroup	A family of related music releases.	zh-Hans	approved	inline	发行组	-
musicReleaseGroup	A family of related music releases.	zh-Hans	approved	plural	发行组	-
musicReleaseGroup	A family of related music releases.	de	approved	label	Veröffentlichungsgruppe	-
musicReleaseGroup	A family of related music releases.	de	approved	inline	Veröffentlichungsgruppe	-
musicReleaseGroup	A family of related music releases.	de	approved	plural	Veröffentlichungsgruppe	-
musicReleaseGroup	A family of related music releases.	ja	approved	label	リリースグループ	-
musicReleaseGroup	A family of related music releases.	ja	approved	inline	リリースグループ	-
musicReleaseGroup	A family of related music releases.	ja	approved	plural	リリースグループ	-
musicReleaseGroup	A family of related music releases.	ko	approved	label	발매 그룹	-
musicReleaseGroup	A family of related music releases.	ko	approved	inline	발매 그룹	-
musicReleaseGroup	A family of related music releases.	ko	approved	plural	발매 그룹	-
follow	A person's ongoing interest relationship with a Unit; this is not a content subscription or notification-delivery contract.	en	approved	actionLabel	Follow	Subscribe | Subscribed | Subscription | Unsubscribe
follow	A person's ongoing interest relationship with a Unit; this is not a content subscription or notification-delivery contract.	en	approved	action	follow	Subscribe | Subscribed | Subscription | Unsubscribe
follow	A person's ongoing interest relationship with a Unit; this is not a content subscription or notification-delivery contract.	en	approved	stateLabel	Following	Subscribe | Subscribed | Subscription | Unsubscribe
follow	A person's ongoing interest relationship with a Unit; this is not a content subscription or notification-delivery contract.	en	approved	gerund	following	Subscribe | Subscribed | Subscription | Unsubscribe
follow	A person's ongoing interest relationship with a Unit; this is not a content subscription or notification-delivery contract.	en	approved	followed	followed	Subscribe | Subscribed | Subscription | Unsubscribe
follow	A person's ongoing interest relationship with a Unit; this is not a content subscription or notification-delivery contract.	en	approved	undoActionLabel	Unfollow	Subscribe | Subscribed | Subscription | Unsubscribe
follow	A person's ongoing interest relationship with a Unit; this is not a content subscription or notification-delivery contract.	en	approved	undoAction	unfollow	Subscribe | Subscribed | Subscription | Unsubscribe
follow	A person's ongoing interest relationship with a Unit; this is not a content subscription or notification-delivery contract.	en	approved	follower	follower	Subscribe | Subscribed | Subscription | Unsubscribe
follow	A person's ongoing interest relationship with a Unit; this is not a content subscription or notification-delivery contract.	en	approved	collectionLabel	Following	Subscribe | Subscribed | Subscription | Unsubscribe
follow	A person's ongoing interest relationship with a Unit; this is not a content subscription or notification-delivery contract.	zh-Hant	approved	actionLabel	追蹤	訂閱 | 關注 | 跟隨 | Subscribe | Subscription
follow	A person's ongoing interest relationship with a Unit; this is not a content subscription or notification-delivery contract.	zh-Hant	approved	action	追蹤	訂閱 | 關注 | 跟隨 | Subscribe | Subscription
follow	A person's ongoing interest relationship with a Unit; this is not a content subscription or notification-delivery contract.	zh-Hant	approved	stateLabel	追蹤中	訂閱 | 關注 | 跟隨 | Subscribe | Subscription
follow	A person's ongoing interest relationship with a Unit; this is not a content subscription or notification-delivery contract.	zh-Hant	approved	gerund	追蹤	訂閱 | 關注 | 跟隨 | Subscribe | Subscription
follow	A person's ongoing interest relationship with a Unit; this is not a content subscription or notification-delivery contract.	zh-Hant	approved	followed	追蹤	訂閱 | 關注 | 跟隨 | Subscribe | Subscription
follow	A person's ongoing interest relationship with a Unit; this is not a content subscription or notification-delivery contract.	zh-Hant	approved	undoActionLabel	取消追蹤	訂閱 | 關注 | 跟隨 | Subscribe | Subscription
follow	A person's ongoing interest relationship with a Unit; this is not a content subscription or notification-delivery contract.	zh-Hant	approved	undoAction	取消追蹤	訂閱 | 關注 | 跟隨 | Subscribe | Subscription
follow	A person's ongoing interest relationship with a Unit; this is not a content subscription or notification-delivery contract.	zh-Hant	approved	follower	追蹤者	訂閱 | 關注 | 跟隨 | Subscribe | Subscription
follow	A person's ongoing interest relationship with a Unit; this is not a content subscription or notification-delivery contract.	zh-Hant	approved	collectionLabel	追蹤項目	訂閱 | 關注 | 跟隨 | Subscribe | Subscription
follow	A person's ongoing interest relationship with a Unit; this is not a content subscription or notification-delivery contract.	zh-Hans	approved	actionLabel	关注	订阅 | 跟随 | Subscribe | Subscription
follow	A person's ongoing interest relationship with a Unit; this is not a content subscription or notification-delivery contract.	zh-Hans	approved	action	关注	订阅 | 跟随 | Subscribe | Subscription
follow	A person's ongoing interest relationship with a Unit; this is not a content subscription or notification-delivery contract.	zh-Hans	approved	stateLabel	已关注	订阅 | 跟随 | Subscribe | Subscription
follow	A person's ongoing interest relationship with a Unit; this is not a content subscription or notification-delivery contract.	zh-Hans	approved	gerund	关注	订阅 | 跟随 | Subscribe | Subscription
follow	A person's ongoing interest relationship with a Unit; this is not a content subscription or notification-delivery contract.	zh-Hans	approved	followed	已关注	订阅 | 跟随 | Subscribe | Subscription
follow	A person's ongoing interest relationship with a Unit; this is not a content subscription or notification-delivery contract.	zh-Hans	approved	undoActionLabel	取消关注	订阅 | 跟随 | Subscribe | Subscription
follow	A person's ongoing interest relationship with a Unit; this is not a content subscription or notification-delivery contract.	zh-Hans	approved	undoAction	取消关注	订阅 | 跟随 | Subscribe | Subscription
follow	A person's ongoing interest relationship with a Unit; this is not a content subscription or notification-delivery contract.	zh-Hans	approved	follower	关注者	订阅 | 跟随 | Subscribe | Subscription
follow	A person's ongoing interest relationship with a Unit; this is not a content subscription or notification-delivery contract.	zh-Hans	approved	collectionLabel	关注项目	订阅 | 跟随 | Subscribe | Subscription
follow	A person's ongoing interest relationship with a Unit; this is not a content subscription or notification-delivery contract.	de	approved	actionLabel	Folgen	Abonnieren | Abonnement | Subscribe | Subscription
follow	A person's ongoing interest relationship with a Unit; this is not a content subscription or notification-delivery contract.	de	approved	action	folgen	Abonnieren | Abonnement | Subscribe | Subscription
follow	A person's ongoing interest relationship with a Unit; this is not a content subscription or notification-delivery contract.	de	approved	stateLabel	Gefolgt	Abonnieren | Abonnement | Subscribe | Subscription
follow	A person's ongoing interest relationship with a Unit; this is not a content subscription or notification-delivery contract.	de	approved	gerund	Folgen	Abonnieren | Abonnement | Subscribe | Subscription
follow	A person's ongoing interest relationship with a Unit; this is not a content subscription or notification-delivery contract.	de	approved	followed	gefolgt	Abonnieren | Abonnement | Subscribe | Subscription
follow	A person's ongoing interest relationship with a Unit; this is not a content subscription or notification-delivery contract.	de	approved	undoActionLabel	Nicht mehr folgen	Abonnieren | Abonnement | Subscribe | Subscription
follow	A person's ongoing interest relationship with a Unit; this is not a content subscription or notification-delivery contract.	de	approved	undoAction	nicht mehr folgen	Abonnieren | Abonnement | Subscribe | Subscription
follow	A person's ongoing interest relationship with a Unit; this is not a content subscription or notification-delivery contract.	de	approved	follower	Follower	Abonnieren | Abonnement | Subscribe | Subscription
follow	A person's ongoing interest relationship with a Unit; this is not a content subscription or notification-delivery contract.	de	approved	collectionLabel	Gefolgt	Abonnieren | Abonnement | Subscribe | Subscription
follow	A person's ongoing interest relationship with a Unit; this is not a content subscription or notification-delivery contract.	ja	approved	actionLabel	フォロー	購読 | Subscribe | Subscription
follow	A person's ongoing interest relationship with a Unit; this is not a content subscription or notification-delivery contract.	ja	approved	action	フォロー	購読 | Subscribe | Subscription
follow	A person's ongoing interest relationship with a Unit; this is not a content subscription or notification-delivery contract.	ja	approved	stateLabel	フォロー中	購読 | Subscribe | Subscription
follow	A person's ongoing interest relationship with a Unit; this is not a content subscription or notification-delivery contract.	ja	approved	gerund	フォロー	購読 | Subscribe | Subscription
follow	A person's ongoing interest relationship with a Unit; this is not a content subscription or notification-delivery contract.	ja	approved	followed	フォロー済み	購読 | Subscribe | Subscription
follow	A person's ongoing interest relationship with a Unit; this is not a content subscription or notification-delivery contract.	ja	approved	undoActionLabel	フォロー解除	購読 | Subscribe | Subscription
follow	A person's ongoing interest relationship with a Unit; this is not a content subscription or notification-delivery contract.	ja	approved	undoAction	フォロー解除	購読 | Subscribe | Subscription
follow	A person's ongoing interest relationship with a Unit; this is not a content subscription or notification-delivery contract.	ja	approved	follower	フォロワー	購読 | Subscribe | Subscription
follow	A person's ongoing interest relationship with a Unit; this is not a content subscription or notification-delivery contract.	ja	approved	collectionLabel	フォロー中	購読 | Subscribe | Subscription
follow	A person's ongoing interest relationship with a Unit; this is not a content subscription or notification-delivery contract.	ko	approved	actionLabel	팔로우	구독 | Subscribe | Subscription
follow	A person's ongoing interest relationship with a Unit; this is not a content subscription or notification-delivery contract.	ko	approved	action	팔로우	구독 | Subscribe | Subscription
follow	A person's ongoing interest relationship with a Unit; this is not a content subscription or notification-delivery contract.	ko	approved	stateLabel	팔로우 중	구독 | Subscribe | Subscription
follow	A person's ongoing interest relationship with a Unit; this is not a content subscription or notification-delivery contract.	ko	approved	gerund	팔로우	구독 | Subscribe | Subscription
follow	A person's ongoing interest relationship with a Unit; this is not a content subscription or notification-delivery contract.	ko	approved	followed	팔로우함	구독 | Subscribe | Subscription
follow	A person's ongoing interest relationship with a Unit; this is not a content subscription or notification-delivery contract.	ko	approved	undoActionLabel	팔로우 취소	구독 | Subscribe | Subscription
follow	A person's ongoing interest relationship with a Unit; this is not a content subscription or notification-delivery contract.	ko	approved	undoAction	팔로우 취소	구독 | Subscribe | Subscription
follow	A person's ongoing interest relationship with a Unit; this is not a content subscription or notification-delivery contract.	ko	approved	follower	팔로워	구독 | Subscribe | Subscription
follow	A person's ongoing interest relationship with a Unit; this is not a content subscription or notification-delivery contract.	ko	approved	collectionLabel	팔로우 중	구독 | Subscribe | Subscription
zone	The REZICS Zone product concept.	en	approved	label	Zone	-
zone	The REZICS Zone product concept.	en	approved	pluralLabel	Zones	-
zone	The REZICS Zone product concept.	en	approved	inline	zone	-
zone	The REZICS Zone product concept.	en	approved	plural	zones	-
zone	The REZICS Zone product concept.	zh-Hant	approved	label	專區	Zone | Zones
zone	The REZICS Zone product concept.	zh-Hant	approved	pluralLabel	專區	Zone | Zones
zone	The REZICS Zone product concept.	zh-Hant	approved	inline	專區	Zone | Zones
zone	The REZICS Zone product concept.	zh-Hant	approved	plural	專區	Zone | Zones
zone	The REZICS Zone product concept.	zh-Hans	approved	label	专区	Zone | Zones
zone	The REZICS Zone product concept.	zh-Hans	approved	pluralLabel	专区	Zone | Zones
zone	The REZICS Zone product concept.	zh-Hans	approved	inline	专区	Zone | Zones
zone	The REZICS Zone product concept.	zh-Hans	approved	plural	专区	Zone | Zones
zone	The REZICS Zone product concept.	de	approved	label	Community-Bereich	Zone | Zones
zone	The REZICS Zone product concept.	de	approved	pluralLabel	Community-Bereiche	Zone | Zones
zone	The REZICS Zone product concept.	de	approved	inline	Community-Bereich	Zone | Zones
zone	The REZICS Zone product concept.	de	approved	plural	Community-Bereiche	Zone | Zones
zone	The REZICS Zone product concept.	ja	approved	label	ゾーン	Zone | Zones
zone	The REZICS Zone product concept.	ja	approved	pluralLabel	ゾーン	Zone | Zones
zone	The REZICS Zone product concept.	ja	approved	inline	ゾーン	Zone | Zones
zone	The REZICS Zone product concept.	ja	approved	plural	ゾーン	Zone | Zones
zone	The REZICS Zone product concept.	ko	approved	label	구역	Zone | Zones
zone	The REZICS Zone product concept.	ko	approved	pluralLabel	구역	Zone | Zones
zone	The REZICS Zone product concept.	ko	approved	inline	구역	Zone | Zones
zone	The REZICS Zone product concept.	ko	approved	plural	구역	Zone | Zones
customTheme	A reusable full-trust Unit presentation package; distinct from a Zone's built-in appearance settings.	en	approved	label	Custom Theme	-
customTheme	A reusable full-trust Unit presentation package; distinct from a Zone's built-in appearance settings.	en	approved	pluralLabel	Custom Themes	-
customTheme	A reusable full-trust Unit presentation package; distinct from a Zone's built-in appearance settings.	en	approved	inline	custom theme	-
customTheme	A reusable full-trust Unit presentation package; distinct from a Zone's built-in appearance settings.	en	approved	plural	custom themes	-
customTheme	A reusable full-trust Unit presentation package; distinct from a Zone's built-in appearance settings.	zh-Hant	approved	label	自訂主題	-
customTheme	A reusable full-trust Unit presentation package; distinct from a Zone's built-in appearance settings.	zh-Hant	approved	pluralLabel	自訂主題	-
customTheme	A reusable full-trust Unit presentation package; distinct from a Zone's built-in appearance settings.	zh-Hant	approved	inline	自訂主題	-
customTheme	A reusable full-trust Unit presentation package; distinct from a Zone's built-in appearance settings.	zh-Hant	approved	plural	自訂主題	-
customTheme	A reusable full-trust Unit presentation package; distinct from a Zone's built-in appearance settings.	zh-Hans	approved	label	自定义主题	-
customTheme	A reusable full-trust Unit presentation package; distinct from a Zone's built-in appearance settings.	zh-Hans	approved	pluralLabel	自定义主题	-
customTheme	A reusable full-trust Unit presentation package; distinct from a Zone's built-in appearance settings.	zh-Hans	approved	inline	自定义主题	-
customTheme	A reusable full-trust Unit presentation package; distinct from a Zone's built-in appearance settings.	zh-Hans	approved	plural	自定义主题	-
customTheme	A reusable full-trust Unit presentation package; distinct from a Zone's built-in appearance settings.	de	approved	label	Benutzerdefiniertes Design	-
customTheme	A reusable full-trust Unit presentation package; distinct from a Zone's built-in appearance settings.	de	approved	pluralLabel	Benutzerdefinierte Designs	-
customTheme	A reusable full-trust Unit presentation package; distinct from a Zone's built-in appearance settings.	de	approved	inline	benutzerdefiniertes Design	-
customTheme	A reusable full-trust Unit presentation package; distinct from a Zone's built-in appearance settings.	de	approved	plural	benutzerdefinierte Designs	-
customTheme	A reusable full-trust Unit presentation package; distinct from a Zone's built-in appearance settings.	ja	approved	label	カスタムテーマ	-
customTheme	A reusable full-trust Unit presentation package; distinct from a Zone's built-in appearance settings.	ja	approved	pluralLabel	カスタムテーマ	-
customTheme	A reusable full-trust Unit presentation package; distinct from a Zone's built-in appearance settings.	ja	approved	inline	カスタムテーマ	-
customTheme	A reusable full-trust Unit presentation package; distinct from a Zone's built-in appearance settings.	ja	approved	plural	カスタムテーマ	-
customTheme	A reusable full-trust Unit presentation package; distinct from a Zone's built-in appearance settings.	ko	approved	label	사용자 지정 테마	-
customTheme	A reusable full-trust Unit presentation package; distinct from a Zone's built-in appearance settings.	ko	approved	pluralLabel	사용자 지정 테마	-
customTheme	A reusable full-trust Unit presentation package; distinct from a Zone's built-in appearance settings.	ko	approved	inline	사용자 지정 테마	-
customTheme	A reusable full-trust Unit presentation package; distinct from a Zone's built-in appearance settings.	ko	approved	plural	사용자 지정 테마	-
realm	The REZICS Realm product concept.	en	approved	label	Realm	-
realm	The REZICS Realm product concept.	en	approved	pluralLabel	Realms	-
realm	The REZICS Realm product concept.	en	approved	inline	realm	-
realm	The REZICS Realm product concept.	en	approved	plural	realms	-
realm	The REZICS Realm product concept.	zh-Hant	approved	label	領域	Realm | Realms
realm	The REZICS Realm product concept.	zh-Hant	approved	pluralLabel	領域	Realm | Realms
realm	The REZICS Realm product concept.	zh-Hant	approved	inline	領域	Realm | Realms
realm	The REZICS Realm product concept.	zh-Hant	approved	plural	領域	Realm | Realms
realm	The REZICS Realm product concept.	zh-Hans	approved	label	领域	Realm | Realms
realm	The REZICS Realm product concept.	zh-Hans	approved	pluralLabel	领域	Realm | Realms
realm	The REZICS Realm product concept.	zh-Hans	approved	inline	领域	Realm | Realms
realm	The REZICS Realm product concept.	zh-Hans	approved	plural	领域	Realm | Realms
realm	The REZICS Realm product concept.	de	approved	label	Themenraum	Realm | Realms
realm	The REZICS Realm product concept.	de	approved	pluralLabel	Themenräume	Realm | Realms
realm	The REZICS Realm product concept.	de	approved	inline	Themenraum	Realm | Realms
realm	The REZICS Realm product concept.	de	approved	plural	Themenräume	Realm | Realms
realm	The REZICS Realm product concept.	ja	approved	label	領域	Realm | Realms
realm	The REZICS Realm product concept.	ja	approved	pluralLabel	領域	Realm | Realms
realm	The REZICS Realm product concept.	ja	approved	inline	領域	Realm | Realms
realm	The REZICS Realm product concept.	ja	approved	plural	領域	Realm | Realms
realm	The REZICS Realm product concept.	ko	approved	label	영역	Realm | Realms
realm	The REZICS Realm product concept.	ko	approved	pluralLabel	영역	Realm | Realms
realm	The REZICS Realm product concept.	ko	approved	inline	영역	Realm | Realms
realm	The REZICS Realm product concept.	ko	approved	plural	영역	Realm | Realms
dock	The REZICS Dock content-placement concept.	en	approved	label	Dock	-
dock	The REZICS Dock content-placement concept.	en	approved	pluralLabel	Docks	-
dock	The REZICS Dock content-placement concept.	en	approved	inline	dock	-
dock	The REZICS Dock content-placement concept.	en	approved	plural	docks	-
dock	The REZICS Dock content-placement concept.	zh-Hant	approved	label	停靠區	Dock | Docks | 碼頭
dock	The REZICS Dock content-placement concept.	zh-Hant	approved	pluralLabel	停靠區	Dock | Docks | 碼頭
dock	The REZICS Dock content-placement concept.	zh-Hant	approved	inline	停靠區	Dock | Docks | 碼頭
dock	The REZICS Dock content-placement concept.	zh-Hant	approved	plural	停靠區	Dock | Docks | 碼頭
dock	The REZICS Dock content-placement concept.	zh-Hans	approved	label	停靠区	Dock | Docks | 码头
dock	The REZICS Dock content-placement concept.	zh-Hans	approved	pluralLabel	停靠区	Dock | Docks | 码头
dock	The REZICS Dock content-placement concept.	zh-Hans	approved	inline	停靠区	Dock | Docks | 码头
dock	The REZICS Dock content-placement concept.	zh-Hans	approved	plural	停靠区	Dock | Docks | 码头
dock	The REZICS Dock content-placement concept.	de	approved	label	Ablagebereich	Dock | Docks
dock	The REZICS Dock content-placement concept.	de	approved	pluralLabel	Ablagebereiche	Dock | Docks
dock	The REZICS Dock content-placement concept.	de	approved	inline	Ablagebereich	Dock | Docks
dock	The REZICS Dock content-placement concept.	de	approved	plural	Ablagebereiche	Dock | Docks
dock	The REZICS Dock content-placement concept.	ja	approved	label	配置枠	Dock | Docks
dock	The REZICS Dock content-placement concept.	ja	approved	pluralLabel	配置枠	Dock | Docks
dock	The REZICS Dock content-placement concept.	ja	approved	inline	配置枠	Dock | Docks
dock	The REZICS Dock content-placement concept.	ja	approved	plural	配置枠	Dock | Docks
dock	The REZICS Dock content-placement concept.	ko	approved	label	배치 영역	Dock | Docks
dock	The REZICS Dock content-placement concept.	ko	approved	pluralLabel	배치 영역	Dock | Docks
dock	The REZICS Dock content-placement concept.	ko	approved	inline	배치 영역	Dock | Docks
dock	The REZICS Dock content-placement concept.	ko	approved	plural	배치 영역	Dock | Docks
unitSlug	The optional human-facing path identifier of a Unit; slug remains the internal code and API identifier.	en	approved	label	Path identifier	Slug | slug
unitSlug	The optional human-facing path identifier of a Unit; slug remains the internal code and API identifier.	en	approved	pluralLabel	Path identifiers	Slug | slug
unitSlug	The optional human-facing path identifier of a Unit; slug remains the internal code and API identifier.	en	approved	inline	path identifier	Slug | slug
unitSlug	The optional human-facing path identifier of a Unit; slug remains the internal code and API identifier.	en	approved	plural	path identifiers	Slug | slug
unitSlug	The optional human-facing path identifier of a Unit; slug remains the internal code and API identifier.	zh-Hant	approved	label	路徑標識	Slug | slug | 公開網址標識 | 網址標識 | 路徑識別碼
unitSlug	The optional human-facing path identifier of a Unit; slug remains the internal code and API identifier.	zh-Hant	approved	pluralLabel	路徑標識	Slug | slug | 公開網址標識 | 網址標識 | 路徑識別碼
unitSlug	The optional human-facing path identifier of a Unit; slug remains the internal code and API identifier.	zh-Hant	approved	inline	路徑標識	Slug | slug | 公開網址標識 | 網址標識 | 路徑識別碼
unitSlug	The optional human-facing path identifier of a Unit; slug remains the internal code and API identifier.	zh-Hant	approved	plural	路徑標識	Slug | slug | 公開網址標識 | 網址標識 | 路徑識別碼
unitSlug	The optional human-facing path identifier of a Unit; slug remains the internal code and API identifier.	zh-Hans	approved	label	路径标识	Slug | slug | 路径识别码
unitSlug	The optional human-facing path identifier of a Unit; slug remains the internal code and API identifier.	zh-Hans	approved	pluralLabel	路径标识	Slug | slug | 路径识别码
unitSlug	The optional human-facing path identifier of a Unit; slug remains the internal code and API identifier.	zh-Hans	approved	inline	路径标识	Slug | slug | 路径识别码
unitSlug	The optional human-facing path identifier of a Unit; slug remains the internal code and API identifier.	zh-Hans	approved	plural	路径标识	Slug | slug | 路径识别码
unitSlug	The optional human-facing path identifier of a Unit; slug remains the internal code and API identifier.	de	approved	label	Pfadkennung	Slug | slug
unitSlug	The optional human-facing path identifier of a Unit; slug remains the internal code and API identifier.	de	approved	pluralLabel	Pfadkennungen	Slug | slug
unitSlug	The optional human-facing path identifier of a Unit; slug remains the internal code and API identifier.	de	approved	inline	Pfadkennung	Slug | slug
unitSlug	The optional human-facing path identifier of a Unit; slug remains the internal code and API identifier.	de	approved	plural	Pfadkennungen	Slug | slug
unitSlug	The optional human-facing path identifier of a Unit; slug remains the internal code and API identifier.	ja	approved	label	パス識別子	Slug | slug
unitSlug	The optional human-facing path identifier of a Unit; slug remains the internal code and API identifier.	ja	approved	pluralLabel	パス識別子	Slug | slug
unitSlug	The optional human-facing path identifier of a Unit; slug remains the internal code and API identifier.	ja	approved	inline	パス識別子	Slug | slug
unitSlug	The optional human-facing path identifier of a Unit; slug remains the internal code and API identifier.	ja	approved	plural	パス識別子	Slug | slug
unitSlug	The optional human-facing path identifier of a Unit; slug remains the internal code and API identifier.	ko	approved	label	경로 식별자	Slug | slug
unitSlug	The optional human-facing path identifier of a Unit; slug remains the internal code and API identifier.	ko	approved	pluralLabel	경로 식별자	Slug | slug
unitSlug	The optional human-facing path identifier of a Unit; slug remains the internal code and API identifier.	ko	approved	inline	경로 식별자	Slug | slug
unitSlug	The optional human-facing path identifier of a Unit; slug remains the internal code and API identifier.	ko	approved	plural	경로 식별자	Slug | slug
post	The REZICS Post product concept; this does not refer to the HTTP POST method or every Post subtype label.	en	approved	label	Post	-
post	The REZICS Post product concept; this does not refer to the HTTP POST method or every Post subtype label.	en	approved	pluralLabel	Posts	-
post	The REZICS Post product concept; this does not refer to the HTTP POST method or every Post subtype label.	en	approved	inline	post	-
post	The REZICS Post product concept; this does not refer to the HTTP POST method or every Post subtype label.	en	approved	plural	posts	-
post	The REZICS Post product concept; this does not refer to the HTTP POST method or every Post subtype label.	zh-Hant	approved	label	貼文	Post | Posts | 帖子
post	The REZICS Post product concept; this does not refer to the HTTP POST method or every Post subtype label.	zh-Hant	approved	pluralLabel	貼文	Post | Posts | 帖子
post	The REZICS Post product concept; this does not refer to the HTTP POST method or every Post subtype label.	zh-Hant	approved	inline	貼文	Post | Posts | 帖子
post	The REZICS Post product concept; this does not refer to the HTTP POST method or every Post subtype label.	zh-Hant	approved	plural	貼文	Post | Posts | 帖子
post	The REZICS Post product concept; this does not refer to the HTTP POST method or every Post subtype label.	zh-Hans	approved	label	帖子	Post | Posts
post	The REZICS Post product concept; this does not refer to the HTTP POST method or every Post subtype label.	zh-Hans	approved	pluralLabel	帖子	Post | Posts
post	The REZICS Post product concept; this does not refer to the HTTP POST method or every Post subtype label.	zh-Hans	approved	inline	帖子	Post | Posts
post	The REZICS Post product concept; this does not refer to the HTTP POST method or every Post subtype label.	zh-Hans	approved	plural	帖子	Post | Posts
post	The REZICS Post product concept; this does not refer to the HTTP POST method or every Post subtype label.	de	approved	label	Beitrag	Post | Posts
post	The REZICS Post product concept; this does not refer to the HTTP POST method or every Post subtype label.	de	approved	pluralLabel	Beiträge	Post | Posts
post	The REZICS Post product concept; this does not refer to the HTTP POST method or every Post subtype label.	de	approved	inline	Beitrag	Post | Posts
post	The REZICS Post product concept; this does not refer to the HTTP POST method or every Post subtype label.	de	approved	plural	Beiträge	Post | Posts
post	The REZICS Post product concept; this does not refer to the HTTP POST method or every Post subtype label.	ja	approved	label	投稿	Post | Posts
post	The REZICS Post product concept; this does not refer to the HTTP POST method or every Post subtype label.	ja	approved	pluralLabel	投稿	Post | Posts
post	The REZICS Post product concept; this does not refer to the HTTP POST method or every Post subtype label.	ja	approved	inline	投稿	Post | Posts
post	The REZICS Post product concept; this does not refer to the HTTP POST method or every Post subtype label.	ja	approved	plural	投稿	Post | Posts
post	The REZICS Post product concept; this does not refer to the HTTP POST method or every Post subtype label.	ko	approved	label	게시물	Post | Posts
post	The REZICS Post product concept; this does not refer to the HTTP POST method or every Post subtype label.	ko	approved	pluralLabel	게시물	Post | Posts
post	The REZICS Post product concept; this does not refer to the HTTP POST method or every Post subtype label.	ko	approved	inline	게시물	Post | Posts
post	The REZICS Post product concept; this does not refer to the HTTP POST method or every Post subtype label.	ko	approved	plural	게시물	Post | Posts
video	A top-level timed visual-media Unit that can be placed in a Media content structure.	en	approved	label	Video	-
video	A top-level timed visual-media Unit that can be placed in a Media content structure.	en	approved	pluralLabel	Videos	-
video	A top-level timed visual-media Unit that can be placed in a Media content structure.	en	approved	inline	video	-
video	A top-level timed visual-media Unit that can be placed in a Media content structure.	en	approved	plural	videos	-
video	A top-level timed visual-media Unit that can be placed in a Media content structure.	zh-Hant	approved	label	影片	Video | Videos | 視頻
video	A top-level timed visual-media Unit that can be placed in a Media content structure.	zh-Hant	approved	pluralLabel	影片	Video | Videos | 視頻
video	A top-level timed visual-media Unit that can be placed in a Media content structure.	zh-Hant	approved	inline	影片	Video | Videos | 視頻
video	A top-level timed visual-media Unit that can be placed in a Media content structure.	zh-Hant	approved	plural	影片	Video | Videos | 視頻
video	A top-level timed visual-media Unit that can be placed in a Media content structure.	zh-Hans	approved	label	视频	Video | Videos | 影片
video	A top-level timed visual-media Unit that can be placed in a Media content structure.	zh-Hans	approved	pluralLabel	视频	Video | Videos | 影片
video	A top-level timed visual-media Unit that can be placed in a Media content structure.	zh-Hans	approved	inline	视频	Video | Videos | 影片
video	A top-level timed visual-media Unit that can be placed in a Media content structure.	zh-Hans	approved	plural	视频	Video | Videos | 影片
video	A top-level timed visual-media Unit that can be placed in a Media content structure.	de	approved	label	Video	-
video	A top-level timed visual-media Unit that can be placed in a Media content structure.	de	approved	pluralLabel	Videos	-
video	A top-level timed visual-media Unit that can be placed in a Media content structure.	de	approved	inline	Video	-
video	A top-level timed visual-media Unit that can be placed in a Media content structure.	de	approved	plural	Videos	-
video	A top-level timed visual-media Unit that can be placed in a Media content structure.	ja	approved	label	動画	Video | Videos
video	A top-level timed visual-media Unit that can be placed in a Media content structure.	ja	approved	pluralLabel	動画	Video | Videos
video	A top-level timed visual-media Unit that can be placed in a Media content structure.	ja	approved	inline	動画	Video | Videos
video	A top-level timed visual-media Unit that can be placed in a Media content structure.	ja	approved	plural	動画	Video | Videos
video	A top-level timed visual-media Unit that can be placed in a Media content structure.	ko	approved	label	동영상	Video | Videos
video	A top-level timed visual-media Unit that can be placed in a Media content structure.	ko	approved	pluralLabel	동영상	Video | Videos
video	A top-level timed visual-media Unit that can be placed in a Media content structure.	ko	approved	inline	동영상	Video | Videos
video	A top-level timed visual-media Unit that can be placed in a Media content structure.	ko	approved	plural	동영상	Video | Videos
audio	A top-level timed audio Unit that can be placed in a Media content structure.	en	approved	label	Audio	-
audio	A top-level timed audio Unit that can be placed in a Media content structure.	en	approved	pluralLabel	Audio	-
audio	A top-level timed audio Unit that can be placed in a Media content structure.	en	approved	inline	audio	-
audio	A top-level timed audio Unit that can be placed in a Media content structure.	en	approved	plural	audio	-
audio	A top-level timed audio Unit that can be placed in a Media content structure.	zh-Hant	approved	label	音訊	Audio | Audios | 音頻
audio	A top-level timed audio Unit that can be placed in a Media content structure.	zh-Hant	approved	pluralLabel	音訊	Audio | Audios | 音頻
audio	A top-level timed audio Unit that can be placed in a Media content structure.	zh-Hant	approved	inline	音訊	Audio | Audios | 音頻
audio	A top-level timed audio Unit that can be placed in a Media content structure.	zh-Hant	approved	plural	音訊	Audio | Audios | 音頻
audio	A top-level timed audio Unit that can be placed in a Media content structure.	zh-Hans	approved	label	音频	Audio | Audios | 音訊
audio	A top-level timed audio Unit that can be placed in a Media content structure.	zh-Hans	approved	pluralLabel	音频	Audio | Audios | 音訊
audio	A top-level timed audio Unit that can be placed in a Media content structure.	zh-Hans	approved	inline	音频	Audio | Audios | 音訊
audio	A top-level timed audio Unit that can be placed in a Media content structure.	zh-Hans	approved	plural	音频	Audio | Audios | 音訊
audio	A top-level timed audio Unit that can be placed in a Media content structure.	de	approved	label	Audio	-
audio	A top-level timed audio Unit that can be placed in a Media content structure.	de	approved	pluralLabel	Audios	-
audio	A top-level timed audio Unit that can be placed in a Media content structure.	de	approved	inline	Audio	-
audio	A top-level timed audio Unit that can be placed in a Media content structure.	de	approved	plural	Audios	-
audio	A top-level timed audio Unit that can be placed in a Media content structure.	ja	approved	label	音声	Audio | Audios
audio	A top-level timed audio Unit that can be placed in a Media content structure.	ja	approved	pluralLabel	音声	Audio | Audios
audio	A top-level timed audio Unit that can be placed in a Media content structure.	ja	approved	inline	音声	Audio | Audios
audio	A top-level timed audio Unit that can be placed in a Media content structure.	ja	approved	plural	音声	Audio | Audios
audio	A top-level timed audio Unit that can be placed in a Media content structure.	ko	approved	label	오디오	Audio | Audios
audio	A top-level timed audio Unit that can be placed in a Media content structure.	ko	approved	pluralLabel	오디오	Audio | Audios
audio	A top-level timed audio Unit that can be placed in a Media content structure.	ko	approved	inline	오디오	Audio | Audios
audio	A top-level timed audio Unit that can be placed in a Media content structure.	ko	approved	plural	오디오	Audio | Audios
label	A lightweight localized-title Unit used as a structural heading or taxonomy entry; this is distinct from an assignable Tag.	en	approved	label	Taxonomy label	-
label	A lightweight localized-title Unit used as a structural heading or taxonomy entry; this is distinct from an assignable Tag.	en	approved	pluralLabel	Taxonomy labels	-
label	A lightweight localized-title Unit used as a structural heading or taxonomy entry; this is distinct from an assignable Tag.	en	approved	inline	taxonomy label	-
label	A lightweight localized-title Unit used as a structural heading or taxonomy entry; this is distinct from an assignable Tag.	en	approved	plural	taxonomy labels	-
label	A lightweight localized-title Unit used as a structural heading or taxonomy entry; this is distinct from an assignable Tag.	zh-Hant	approved	label	分類標目	-
label	A lightweight localized-title Unit used as a structural heading or taxonomy entry; this is distinct from an assignable Tag.	zh-Hant	approved	pluralLabel	分類標目	-
label	A lightweight localized-title Unit used as a structural heading or taxonomy entry; this is distinct from an assignable Tag.	zh-Hant	approved	inline	分類標目	-
label	A lightweight localized-title Unit used as a structural heading or taxonomy entry; this is distinct from an assignable Tag.	zh-Hant	approved	plural	分類標目	-
label	A lightweight localized-title Unit used as a structural heading or taxonomy entry; this is distinct from an assignable Tag.	zh-Hans	approved	label	分类标目	-
label	A lightweight localized-title Unit used as a structural heading or taxonomy entry; this is distinct from an assignable Tag.	zh-Hans	approved	pluralLabel	分类标目	-
label	A lightweight localized-title Unit used as a structural heading or taxonomy entry; this is distinct from an assignable Tag.	zh-Hans	approved	inline	分类标目	-
label	A lightweight localized-title Unit used as a structural heading or taxonomy entry; this is distinct from an assignable Tag.	zh-Hans	approved	plural	分类标目	-
label	A lightweight localized-title Unit used as a structural heading or taxonomy entry; this is distinct from an assignable Tag.	de	approved	label	Taxonomiebezeichnung	-
label	A lightweight localized-title Unit used as a structural heading or taxonomy entry; this is distinct from an assignable Tag.	de	approved	pluralLabel	Taxonomiebezeichnungen	-
label	A lightweight localized-title Unit used as a structural heading or taxonomy entry; this is distinct from an assignable Tag.	de	approved	inline	Taxonomiebezeichnung	-
label	A lightweight localized-title Unit used as a structural heading or taxonomy entry; this is distinct from an assignable Tag.	de	approved	plural	Taxonomiebezeichnungen	-
label	A lightweight localized-title Unit used as a structural heading or taxonomy entry; this is distinct from an assignable Tag.	ja	approved	label	分類ラベル	-
label	A lightweight localized-title Unit used as a structural heading or taxonomy entry; this is distinct from an assignable Tag.	ja	approved	pluralLabel	分類ラベル	-
label	A lightweight localized-title Unit used as a structural heading or taxonomy entry; this is distinct from an assignable Tag.	ja	approved	inline	分類ラベル	-
label	A lightweight localized-title Unit used as a structural heading or taxonomy entry; this is distinct from an assignable Tag.	ja	approved	plural	分類ラベル	-
label	A lightweight localized-title Unit used as a structural heading or taxonomy entry; this is distinct from an assignable Tag.	ko	approved	label	분류 항목	-
label	A lightweight localized-title Unit used as a structural heading or taxonomy entry; this is distinct from an assignable Tag.	ko	approved	pluralLabel	분류 항목	-
label	A lightweight localized-title Unit used as a structural heading or taxonomy entry; this is distinct from an assignable Tag.	ko	approved	inline	분류 항목	-
label	A lightweight localized-title Unit used as a structural heading or taxonomy entry; this is distinct from an assignable Tag.	ko	approved	plural	분류 항목	-
tagPath	A community-immutable, community-voted ordered path of Tags; platform administrators may make audited corrections.	en	approved	label	Tag path	Tag structure | Structure tag
tagPath	A community-immutable, community-voted ordered path of Tags; platform administrators may make audited corrections.	en	approved	pluralLabel	Tag paths	Tag structure | Structure tag
tagPath	A community-immutable, community-voted ordered path of Tags; platform administrators may make audited corrections.	en	approved	inline	tag path	Tag structure | Structure tag
tagPath	A community-immutable, community-voted ordered path of Tags; platform administrators may make audited corrections.	en	approved	plural	tag paths	Tag structure | Structure tag
tagPath	A community-immutable, community-voted ordered path of Tags; platform administrators may make audited corrections.	zh-Hant	approved	label	標籤路徑	Tag structure | Structure tag | 結構標籤
tagPath	A community-immutable, community-voted ordered path of Tags; platform administrators may make audited corrections.	zh-Hant	approved	pluralLabel	標籤路徑	Tag structure | Structure tag | 結構標籤
tagPath	A community-immutable, community-voted ordered path of Tags; platform administrators may make audited corrections.	zh-Hant	approved	inline	標籤路徑	Tag structure | Structure tag | 結構標籤
tagPath	A community-immutable, community-voted ordered path of Tags; platform administrators may make audited corrections.	zh-Hant	approved	plural	標籤路徑	Tag structure | Structure tag | 結構標籤
tagPath	A community-immutable, community-voted ordered path of Tags; platform administrators may make audited corrections.	zh-Hans	approved	label	标签路径	Tag structure | Structure tag | 结构标签
tagPath	A community-immutable, community-voted ordered path of Tags; platform administrators may make audited corrections.	zh-Hans	approved	pluralLabel	标签路径	Tag structure | Structure tag | 结构标签
tagPath	A community-immutable, community-voted ordered path of Tags; platform administrators may make audited corrections.	zh-Hans	approved	inline	标签路径	Tag structure | Structure tag | 结构标签
tagPath	A community-immutable, community-voted ordered path of Tags; platform administrators may make audited corrections.	zh-Hans	approved	plural	标签路径	Tag structure | Structure tag | 结构标签
tagPath	A community-immutable, community-voted ordered path of Tags; platform administrators may make audited corrections.	de	approved	label	Tag-Pfad	Tag structure | Structure tag
tagPath	A community-immutable, community-voted ordered path of Tags; platform administrators may make audited corrections.	de	approved	pluralLabel	Tag-Pfade	Tag structure | Structure tag
tagPath	A community-immutable, community-voted ordered path of Tags; platform administrators may make audited corrections.	de	approved	inline	Tag-Pfad	Tag structure | Structure tag
tagPath	A community-immutable, community-voted ordered path of Tags; platform administrators may make audited corrections.	de	approved	plural	Tag-Pfade	Tag structure | Structure tag
tagPath	A community-immutable, community-voted ordered path of Tags; platform administrators may make audited corrections.	ja	approved	label	タグパス	Tag structure | Structure tag
tagPath	A community-immutable, community-voted ordered path of Tags; platform administrators may make audited corrections.	ja	approved	pluralLabel	タグパス	Tag structure | Structure tag
tagPath	A community-immutable, community-voted ordered path of Tags; platform administrators may make audited corrections.	ja	approved	inline	タグパス	Tag structure | Structure tag
tagPath	A community-immutable, community-voted ordered path of Tags; platform administrators may make audited corrections.	ja	approved	plural	タグパス	Tag structure | Structure tag
tagPath	A community-immutable, community-voted ordered path of Tags; platform administrators may make audited corrections.	ko	approved	label	태그 경로	Tag structure | Structure tag
tagPath	A community-immutable, community-voted ordered path of Tags; platform administrators may make audited corrections.	ko	approved	pluralLabel	태그 경로	Tag structure | Structure tag
tagPath	A community-immutable, community-voted ordered path of Tags; platform administrators may make audited corrections.	ko	approved	inline	태그 경로	Tag structure | Structure tag
tagPath	A community-immutable, community-voted ordered path of Tags; platform administrators may make audited corrections.	ko	approved	plural	태그 경로	Tag structure | Structure tag
license	A registered legal instrument or rights statement that a Unit grants independently of every other selected License.	en	approved	label	License	-
license	A registered legal instrument or rights statement that a Unit grants independently of every other selected License.	en	approved	inline	license	-
license	A registered legal instrument or rights statement that a Unit grants independently of every other selected License.	zh-Hant	approved	label	授權	公開授權 | 作品 License | 授權 REZICS
license	A registered legal instrument or rights statement that a Unit grants independently of every other selected License.	zh-Hant	approved	inline	授權	公開授權 | 作品 License | 授權 REZICS
license	A registered legal instrument or rights statement that a Unit grants independently of every other selected License.	zh-Hans	approved	label	许可	公开许可 | 作品 License | 授权 REZICS
license	A registered legal instrument or rights statement that a Unit grants independently of every other selected License.	zh-Hans	approved	inline	许可	公开许可 | 作品 License | 授权 REZICS
license	A registered legal instrument or rights statement that a Unit grants independently of every other selected License.	de	approved	label	Lizenz	-
license	A registered legal instrument or rights statement that a Unit grants independently of every other selected License.	de	approved	inline	Lizenz	-
license	A registered legal instrument or rights statement that a Unit grants independently of every other selected License.	ja	approved	label	ライセンス	Publication license
license	A registered legal instrument or rights statement that a Unit grants independently of every other selected License.	ja	approved	inline	ライセンス	Publication license
license	A registered legal instrument or rights statement that a Unit grants independently of every other selected License.	ko	approved	label	라이선스	Publication license
license	A registered legal instrument or rights statement that a Unit grants independently of every other selected License.	ko	approved	inline	라이선스	Publication license
entity	A Unit representing a person, organization, or character that can participate in attributions and subject associations.	en	approved	personLabel	Real person	Catalog | catalog
entity	A Unit representing a person, organization, or character that can participate in attributions and subject associations.	en	approved	organizationLabel	Organization	Catalog | catalog
entity	A Unit representing a person, organization, or character that can participate in attributions and subject associations.	en	approved	characterLabel	Fictional character	Catalog | catalog
entity	A Unit representing a person, organization, or character that can participate in attributions and subject associations.	en	approved	label	Entity	Catalog | catalog
entity	A Unit representing a person, organization, or character that can participate in attributions and subject associations.	en	approved	pluralLabel	Entities	Catalog | catalog
entity	A Unit representing a person, organization, or character that can participate in attributions and subject associations.	en	approved	inline	entity	Catalog | catalog
entity	A Unit representing a person, organization, or character that can participate in attributions and subject associations.	en	approved	plural	entities	Catalog | catalog
entity	A Unit representing a person, organization, or character that can participate in attributions and subject associations.	zh-Hant	approved	personLabel	現實人物	Catalog | Entity
entity	A Unit representing a person, organization, or character that can participate in attributions and subject associations.	zh-Hant	approved	organizationLabel	組織機構	Catalog | Entity
entity	A Unit representing a person, organization, or character that can participate in attributions and subject associations.	zh-Hant	approved	characterLabel	虛構角色	Catalog | Entity
entity	A Unit representing a person, organization, or character that can participate in attributions and subject associations.	zh-Hant	approved	label	實體	Catalog | Entity
entity	A Unit representing a person, organization, or character that can participate in attributions and subject associations.	zh-Hant	approved	pluralLabel	實體	Catalog | Entity
entity	A Unit representing a person, organization, or character that can participate in attributions and subject associations.	zh-Hant	approved	inline	實體	Catalog | Entity
entity	A Unit representing a person, organization, or character that can participate in attributions and subject associations.	zh-Hant	approved	plural	實體	Catalog | Entity
entity	A Unit representing a person, organization, or character that can participate in attributions and subject associations.	zh-Hans	approved	personLabel	现实人物	Catalog | Entity
entity	A Unit representing a person, organization, or character that can participate in attributions and subject associations.	zh-Hans	approved	organizationLabel	组织机构	Catalog | Entity
entity	A Unit representing a person, organization, or character that can participate in attributions and subject associations.	zh-Hans	approved	characterLabel	虚构角色	Catalog | Entity
entity	A Unit representing a person, organization, or character that can participate in attributions and subject associations.	zh-Hans	approved	label	实体	Catalog | Entity
entity	A Unit representing a person, organization, or character that can participate in attributions and subject associations.	zh-Hans	approved	pluralLabel	实体	Catalog | Entity
entity	A Unit representing a person, organization, or character that can participate in attributions and subject associations.	zh-Hans	approved	inline	实体	Catalog | Entity
entity	A Unit representing a person, organization, or character that can participate in attributions and subject associations.	zh-Hans	approved	plural	实体	Catalog | Entity
entity	A Unit representing a person, organization, or character that can participate in attributions and subject associations.	de	approved	personLabel	Reale Person	Catalog
entity	A Unit representing a person, organization, or character that can participate in attributions and subject associations.	de	approved	organizationLabel	Organisation	Catalog
entity	A Unit representing a person, organization, or character that can participate in attributions and subject associations.	de	approved	characterLabel	Fiktive Figur	Catalog
entity	A Unit representing a person, organization, or character that can participate in attributions and subject associations.	de	approved	label	Entität	Catalog
entity	A Unit representing a person, organization, or character that can participate in attributions and subject associations.	de	approved	pluralLabel	Entitäten	Catalog
entity	A Unit representing a person, organization, or character that can participate in attributions and subject associations.	de	approved	inline	Entität	Catalog
entity	A Unit representing a person, organization, or character that can participate in attributions and subject associations.	de	approved	plural	Entitäten	Catalog
entity	A Unit representing a person, organization, or character that can participate in attributions and subject associations.	ja	approved	personLabel	実在の人物	Catalog
entity	A Unit representing a person, organization, or character that can participate in attributions and subject associations.	ja	approved	organizationLabel	団体・組織	Catalog
entity	A Unit representing a person, organization, or character that can participate in attributions and subject associations.	ja	approved	characterLabel	架空の登場人物	Catalog
entity	A Unit representing a person, organization, or character that can participate in attributions and subject associations.	ja	approved	label	エンティティ	Catalog
entity	A Unit representing a person, organization, or character that can participate in attributions and subject associations.	ja	approved	pluralLabel	エンティティ	Catalog
entity	A Unit representing a person, organization, or character that can participate in attributions and subject associations.	ja	approved	inline	エンティティ	Catalog
entity	A Unit representing a person, organization, or character that can participate in attributions and subject associations.	ja	approved	plural	エンティティ	Catalog
entity	A Unit representing a person, organization, or character that can participate in attributions and subject associations.	ko	approved	personLabel	실존 인물	Catalog
entity	A Unit representing a person, organization, or character that can participate in attributions and subject associations.	ko	approved	organizationLabel	단체·기관	Catalog
entity	A Unit representing a person, organization, or character that can participate in attributions and subject associations.	ko	approved	characterLabel	가상 인물	Catalog
entity	A Unit representing a person, organization, or character that can participate in attributions and subject associations.	ko	approved	label	엔터티	Catalog
entity	A Unit representing a person, organization, or character that can participate in attributions and subject associations.	ko	approved	pluralLabel	엔터티	Catalog
entity	A Unit representing a person, organization, or character that can participate in attributions and subject associations.	ko	approved	inline	엔터티	Catalog
entity	A Unit representing a person, organization, or character that can participate in attributions and subject associations.	ko	approved	plural	엔터티	Catalog
metadata	Structured administrative and type-specific information about a Unit, distinct from its localized editorial content.	en	approved	label	Metadata	Basic information
metadata	Structured administrative and type-specific information about a Unit, distinct from its localized editorial content.	en	approved	inline	metadata	Basic information
metadata	Structured administrative and type-specific information about a Unit, distinct from its localized editorial content.	zh-Hant	approved	label	中繼資料	Metadata | 基本資訊
metadata	Structured administrative and type-specific information about a Unit, distinct from its localized editorial content.	zh-Hant	approved	inline	中繼資料	Metadata | 基本資訊
metadata	Structured administrative and type-specific information about a Unit, distinct from its localized editorial content.	zh-Hans	approved	label	元数据	Metadata | 基本信息
metadata	Structured administrative and type-specific information about a Unit, distinct from its localized editorial content.	zh-Hans	approved	inline	元数据	Metadata | 基本信息
metadata	Structured administrative and type-specific information about a Unit, distinct from its localized editorial content.	de	approved	label	Metadaten	Grundinformationen
metadata	Structured administrative and type-specific information about a Unit, distinct from its localized editorial content.	de	approved	inline	Metadaten	Grundinformationen
metadata	Structured administrative and type-specific information about a Unit, distinct from its localized editorial content.	ja	approved	label	メタデータ	Basic information
metadata	Structured administrative and type-specific information about a Unit, distinct from its localized editorial content.	ja	approved	inline	メタデータ	Basic information
metadata	Structured administrative and type-specific information about a Unit, distinct from its localized editorial content.	ko	approved	label	메타데이터	Basic information
metadata	Structured administrative and type-specific information about a Unit, distinct from its localized editorial content.	ko	approved	inline	메타데이터	Basic information
